idx,move
674,"[3, 2, 3, 1, 1, 2, 1, 2, 2, 2, 2, 1, 1]"
1934,"[2, 0, 0, 0, 0, 2, 2, 2, 2, 1, 3, 1, 1, 1, 1]"
825,"[1, 1, 1, 1, 1, 2, 2, 2, 2]"
3154,"[0, 1, 2, 2, 1, 2, 2]"
2710,"[0, 2, 2, 0, 0, 0]"
1357,"[1, 2, 2, 2, 2, 1]"
448,"[0, 2, 2, 2, 2, 0]"
3080,"[2, 2, 2, 2]"
1706,"[2, 2, 2, 2, 2, 1]"
301,"[0, 0, 0, 3, 3, 3, 3, 3, 2, 3]"
3095,"[2, 1, 1, 1, 1, 1]"
1051,"[0, 0, 3, 3, 3, 3, 1]"
1321,"[2, 2, 2, 1, 1, 1, 2, 2]"
2996,"[2, 2, 2, 0, 0, 2]"
2191,"[3, 3, 3, 3, 3]"
1697,"[2, 2, 2, 2, 2, 1]"
936,"[2, 2, 2, 0, 0, 0, 0]"
1527,"[0, 0, 3, 3, 3, 3]"
2294,"[2, 1, 1, 1, 1, 1, 3]"
2966,"[3, 3, 3, 3, 3]"
2519,"[0, 0, 3, 3, 3, 3]"
1171,"[2, 2, 2, 2, 0, 0]"
3270,"[0, 0, 0, 0, 0, 1, 3, 3, 3, 3, 0]"
1912,"[3, 3, 0, 0, 0, 0, 3]"
996,"[0, 3, 3, 3, 3, 3]"
1669,"[2, 2, 1, 1, 1, 1, 1, 0, 3, 3, 3, 3, 3]"
129,"[3, 1, 1, 1, 1, 1]"
1258,"[1, 2, 1, 1, 1, 3, 3]"
743,"[0, 0, 0, 0, 3, 3, 3, 3, 3]"
1996,"[2, 3, 3, 3, 0, 0, 0, 0, 0]"
1670,"[2, 2, 2, 2, 0, 0, 0, 0, 0]"
2562,"[1, 1, 1, 1, 1, 2, 2]"
2754,"[1, 1, 1, 1, 3]"
2421,"[1, 2, 2, 2, 2, 0, 0, 0, 0]"
1803,"[1, 1, 1, 1, 3]"
303,"[2, 0, 0, 0, 0, 2, 0]"
1576,"[2, 1, 1, 1, 2, 2, 2, 2]"
589,"[3, 3, 3, 3, 1, 1]"
235,"[1, 1, 1, 1, 2]"
3044,"[0, 3, 0, 3, 3, 3, 0, 0, 0, 3]"
2124,"[0, 0, 0, 0, 0, 3, 3, 3, 1]"
3157,"[1, 1, 1, 1, 2, 2, 2, 2, 2]"
1837,"[1, 3, 1, 1, 1]"
760,"[1, 3, 3, 1, 1, 1, 1, 2, 2]"
3196,"[3, 1, 1, 1, 1, 1]"
1583,"[1, 1, 1, 1, 1]"
3021,"[2, 2, 2, 0, 0, 0, 0, 0]"
729,"[1, 1, 1, 1, 1, 2, 2, 2, 2, 0, 3]"
3235,"[2, 0, 0, 0, 0, 0]"
434,"[1, 1, 1, 1, 1]"
2592,"[0, 0, 1, 2, 2, 2, 2, 2, 0, 0, 0]"
2350,"[3, 3, 3, 3, 1, 1, 1, 1, 3]"
2588,"[0, 0, 0, 0, 0, 1, 3]"
542,"[2, 2, 2, 2, 0, 0, 0, 0, 2]"
2600,"[3, 0, 0, 0, 0, 0]"
1651,"[3, 0, 0, 0, 0, 0]"
628,"[2, 2, 2, 2, 2, 3, 0, 0, 0, 0]"
153,"[1, 2, 2, 2, 2, 2, 0, 0, 3]"
1624,"[2, 0, 0, 0, 0, 2, 2, 2, 2]"
768,"[1, 1, 1, 1, 1]"
2430,"[1, 1, 1, 1, 2, 2]"
1842,"[1, 3, 3, 3, 1, 1, 1, 1]"
1673,"[3, 1, 3, 3, 0, 3, 0]"
2324,"[1, 1, 2, 2, 2, 2, 2]"
1266,"[0, 0, 0, 0, 0, 2, 2, 2, 2]"
2499,"[1, 1, 1, 1]"
2662,"[2, 0, 0, 2, 0, 0, 3, 3, 0]"
1951,"[2, 2, 2, 2]"
2100,"[2, 2, 2, 2, 0]"
2625,"[0, 2, 2, 0, 0, 0]"
1064,"[0, 0, 2, 0, 0, 3, 3, 3, 0, 3]"
1457,"[1, 1, 1, 1, 2]"
308,"[1, 1, 1, 3, 3, 3, 1, 3, 1]"
2632,"[3, 3, 1, 3, 3, 1]"
319,"[2, 2, 2, 2, 0, 0, 0, 0, 2]"
1879,"[3, 3, 3, 3]"
1096,"[0, 0, 0, 0, 0, 2, 2, 2]"
2867,"[0, 0, 0, 2, 2, 2, 0, 0]"
1983,"[2, 2, 2, 2, 2]"
2880,"[3, 3, 3, 3, 0, 0, 0, 0, 0]"
3231,"[2, 2, 0, 0, 0, 0, 0]"
2688,"[1, 3, 3, 3, 3]"
1646,"[2, 2, 2, 2, 2]"
2544,"[0, 0, 0, 0, 0]"
1465,"[3, 2, 0, 0, 0, 0, 0, 2]"
2130,"[0, 0, 3, 3, 3, 0, 3]"
2127,"[2, 2, 2, 2, 2, 1, 1, 1]"
228,"[0, 0, 0, 3, 3, 3, 3, 0]"
556,"[1, 1, 1, 1, 1, 2, 2, 2, 2]"
1706,"[2, 2, 2, 2, 2, 1]"
517,"[0, 2, 2, 0, 0, 0, 2, 2, 0]"
1748,"[2, 2, 0, 2, 2, 0]"
1725,"[0, 0, 0, 0]"
1422,"[1, 1, 2, 2, 2, 2, 2]"
3086,"[0, 0, 0, 0, 3, 3, 3, 3]"
2158,"[0, 0, 0, 0, 3, 3]"
2117,"[1, 1, 1, 1, 3, 3]"
1633,"[1, 2, 2, 2, 2, 2, 0]"
418,"[1, 1, 1, 2, 2, 1, 1]"
533,"[0, 3, 3, 3, 3, 3]"
2135,"[1, 1, 1, 1, 3, 3, 3, 3]"
890,"[1, 1, 2, 1, 2, 2, 2, 2]"
3150,"[1, 1, 3, 3, 3, 3, 3]"
2469,"[3, 3, 1, 1, 1, 1, 1, 2, 2, 2]"
1573,"[2, 3, 3, 0, 0, 2, 0, 0, 0, 3]"
1412,"[3, 1, 1, 3, 3, 3]"
988,"[2, 0, 0, 0, 2, 2, 0, 2]"
2931,"[2, 2, 2, 2]"
2181,"[3, 3, 3, 1, 3, 1, 1, 3]"
2004,"[3, 3, 1, 1, 1, 1, 1]"
2915,"[3, 3, 3, 3, 0, 0]"
2803,"[3, 1, 1, 1, 1, 1, 3]"
1470,"[3, 3, 0, 0, 3, 3, 3, 1, 1]"
3109,"[0, 0, 0, 0]"
853,"[1, 2, 1, 2, 1, 1, 2, 2, 2, 0, 0, 0]"
1895,"[0, 0, 0, 2, 2, 2, 2]"
2422,"[3, 3, 3, 3, 0]"
675,"[3, 3, 3, 3, 1, 1]"
1687,"[3, 3, 3, 1, 3]"
1986,"[3, 0, 0, 0, 0, 0, 2]"
1533,"[3, 0, 0, 1, 3, 3, 3, 3, 0]"
319,"[2, 2, 2, 2, 0, 0, 0, 0, 2]"
2360,"[1, 1, 1, 1, 2]"
796,"[3, 3, 3, 0, 0, 3, 3]"
2218,"[3, 3, 1, 1, 1, 1]"
2615,"[1, 1, 3, 3, 1, 1, 3]"
1986,"[3, 0, 0, 0, 0, 0, 2]"
1034,"[0, 0, 3, 3, 3, 3, 3, 1]"
3273,"[2, 2, 2, 2, 0, 0, 0, 0, 0]"
2751,"[1, 3, 3, 3, 3, 3, 0]"
3005,"[0, 0, 3, 3, 3, 3, 3, 0, 0]"
3118,"[1, 1, 3, 3, 1, 1, 3, 1]"
3183,"[2, 2, 2, 2, 1, 1, 2, 1, 1, 1]"
3087,"[1, 1, 1, 1]"
758,"[3, 3, 3, 3, 1, 1, 3]"
569,"[2, 2, 2, 0, 2]"
2031,"[3, 3, 3, 3, 0]"
287,"[0, 0, 3, 3, 3, 3, 1, 1, 1, 1]"
1736,"[0, 0, 3, 3, 3, 3]"
649,"[0, 0, 0, 1, 3, 3, 3, 3]"
1085,"[0, 0, 0, 3, 3, 3, 3, 3]"
143,"[2, 2, 2, 1, 1, 1, 1, 1]"
3126,"[3, 3, 3, 3, 2, 0, 0, 0, 0, 0]"
2630,"[2, 2, 2, 0, 0, 0, 0, 2, 2]"
2125,"[0, 0, 0, 0, 0]"
2241,"[0, 0, 0, 2, 2, 2, 2, 2]"
620,"[2, 2, 3, 1, 1, 1, 1]"
964,"[0, 0, 0, 0, 2, 2, 2, 2, 2]"
1078,"[0, 0, 0, 0, 3, 3]"
249,"[2, 2, 2, 2]"
3227,"[3, 3, 0, 0, 2, 0, 0]"
698,"[3, 2, 2, 0, 0, 2, 0, 0]"
228,"[0, 0, 0, 3, 3, 3, 3, 0]"
3124,"[3, 3, 3, 3, 3]"
2600,"[3, 0, 0, 0, 0, 0]"
1688,"[3, 3, 3, 3]"
2496,"[1, 1, 1, 1]"
1242,"[1, 1, 1, 2, 2, 2, 2, 2, 0]"
1065,"[1, 2, 2, 2, 2, 0, 0]"
2899,"[3, 3, 0, 0, 0, 0, 0]"
2754,"[1, 1, 1, 1, 3]"
911,"[1, 1, 1, 1, 3, 3, 3, 3, 0]"
1053,"[1, 1, 2, 2, 1, 1, 1, 2, 2, 2]"
1965,"[0, 3, 3, 3, 3, 3]"
1027,"[1, 2, 2, 2, 2, 2]"
2864,"[0, 3, 3, 0, 0, 0, 0]"
2419,"[3, 3, 3, 1, 1, 1, 1, 1]"
3154,"[0, 1, 1, 2, 2, 2, 2]"
1899,"[0, 0, 0, 0, 0]"
1389,"[3, 3, 3, 3]"
2486,"[0, 0, 0, 0, 0]"
1186,"[3, 1, 1, 1, 1, 1]"
1699,"[1, 1, 1, 2, 1, 2]"
1337,"[2, 0, 2, 0, 0, 0, 0]"
758,"[3, 3, 3, 3, 1, 1, 3]"
3125,"[1, 1, 1, 1, 2, 2]"
1297,"[3, 3, 3, 3, 1, 1]"
1512,"[1, 3, 3, 3, 3, 3, 1]"
2081,"[1, 1, 1, 1, 1, 2]"
454,"[3, 3, 3, 3, 3, 0, 0]"
1991,"[2, 2, 2, 2, 1, 0, 2, 0, 0, 0]"
2664,"[3, 0, 0, 0, 0, 2, 2, 2]"
2501,"[0, 0, 2, 2, 2, 2, 2, 0]"
2094,"[1, 1, 2, 2, 2, 2]"
397,"[2, 0, 0, 0, 2, 0]"
3182,"[0, 0, 2, 2, 2, 2, 0]"
739,"[3, 1, 1, 1, 3, 3, 1]"
1829,"[3, 3, 3, 3, 0, 0, 0]"
1534,"[1, 1, 2, 2, 2, 2]"
2693,"[2, 2, 2, 2, 1, 1, 1, 1, 1]"
1892,"[1, 3, 3, 3, 3, 3, 0, 0]"
1226,"[2, 2, 2, 2, 1, 1, 1, 2]"
394,"[1, 1, 2, 2, 2, 2, 2]"
3008,"[1, 1, 1, 1, 3, 3, 3, 3, 3]"
2710,"[0, 2, 2, 0, 0, 0, 0, 1]"
2644,"[3, 3, 3, 3, 3, 1]"
309,"[0, 2, 2, 2, 0, 0, 0]"
841,"[3, 1, 1, 1, 1, 2, 2, 2, 2, 2]"
3181,"[1, 2, 2, 2, 2, 0, 2]"
654,"[2, 0, 0, 0, 0]"
392,"[1, 1, 3, 3, 3, 3, 1, 1, 1]"
2236,"[2, 2, 2, 2, 0, 0]"
2404,"[2, 1, 1, 2, 2, 2, 2, 1, 1, 1, 3]"
1004,"[3, 3, 3, 3, 3, 1, 1, 1]"
3247,"[3, 3, 3, 3, 3, 1, 1, 1]"
1778,"[2, 1, 1, 1, 1]"
2821,"[2, 2, 2, 2, 1, 1, 1, 1, 1]"
3195,"[3, 3, 3, 3, 1, 1, 1, 1, 1]"
824,"[1, 1, 1, 1, 1, 2, 2, 2]"
406,"[0, 0, 2, 0, 0, 0, 3]"
1715,"[2, 1, 1, 2, 1, 1, 3, 3, 3]"
214,"[2, 2, 2, 2, 2, 1, 1, 1]"
1651,"[0, 0, 0, 0, 3]"
2501,"[0, 0, 2, 2, 2, 2, 2, 0]"
523,"[2, 2, 2, 2, 2, 1]"
2152,"[3, 3, 3, 3, 1, 3]"
2783,"[0, 0, 0, 3, 3, 0]"
2505,"[1, 2, 2, 2, 2, 2, 0, 0]"
422,"[0, 0, 0, 0, 0]"
3067,"[3, 3, 3, 3, 0, 0]"
586,"[3, 3, 3, 0, 0, 0, 0, 0, 2, 2]"
58,"[1, 2, 2, 2, 2, 2, 0]"
1747,"[1, 1, 1, 3, 3, 3, 3, 3]"
3031,"[2, 2, 2, 1, 1, 3, 3, 3, 1, 1, 2, 1, 2, 2, 0]"
1175,"[2, 2, 2, 2, 2, 1]"
1474,"[2, 2, 2, 1, 1, 1, 1, 2]"
469,"[1, 1, 1, 1, 1]"
2967,"[3, 3, 3, 3, 3, 1, 0, 2, 0, 0]"
2367,"[3, 3, 3, 3, 3, 1, 1, 1]"
1017,"[2, 2, 2, 2, 2]"
478,"[3, 3, 3, 3, 1]"
1331,"[3, 3, 0, 0, 0, 0, 0, 2]"
369,"[1, 2, 2, 2, 2, 2, 0, 0, 0, 3]"
2559,"[0, 0, 0, 2, 0, 0, 3]"
612,"[3, 3, 1, 1, 1, 1, 1, 2, 2]"
2428,"[3, 3, 3, 3, 0, 0, 0]"
2620,"[1, 1, 1, 2, 2, 2, 2]"
3178,"[2, 2, 2, 2, 2, 0, 0, 0, 0, 3]"
165,"[3, 3, 3, 3, 3, 1, 1, 1, 1, 1, 2]"
1457,"[1, 1, 1, 1, 2]"
2092,"[3, 2, 3, 0, 0, 0, 0, 0, 2, 2, 2]"
2,"[0, 3, 3, 3, 3, 3, 1]"
3048,"[3, 3, 3, 3, 0]"
1574,"[3, 3, 3, 3, 1, 1, 1, 1, 1]"
1677,"[0, 1, 2, 2, 2, 2, 0, 0, 0]"
1899,"[0, 0, 0, 0, 0]"
1761,"[1, 2, 2, 2, 2, 2, 0, 0, 0, 0]"
2609,"[3, 3, 1, 1, 1, 1]"
288,"[3, 3, 3, 3, 0]"
821,"[1, 1, 1, 1, 1]"
2297,"[2, 2, 2, 2, 2]"
70,"[0, 0, 0, 0]"
2800,"[1, 1, 1, 1, 1, 2, 2, 2]"
3190,"[0, 3, 0, 0, 0, 2]"
58,"[0, 2, 2, 2, 2, 2, 1]"
1934,"[2, 2, 2, 2, 1]"
1295,"[2, 0, 0, 0, 0, 3, 3, 3, 0]"
297,"[2, 2, 2, 2, 1, 1]"
2851,"[2, 2, 2, 2, 2]"
2922,"[3, 3, 3, 3]"
694,"[0, 0, 3, 0, 0, 0, 2, 2]"
290,"[3, 3, 3, 3, 3, 0]"
2213,"[2, 2, 0, 2, 2, 1, 2]"
188,"[2, 2, 2, 2, 2]"
171,"[1, 1, 1, 3, 3, 3, 3, 1]"
228,"[0, 0, 0, 3, 3, 3, 3, 0]"
1917,"[0, 0, 2, 2, 2, 0, 0, 0]"
2764,"[3, 3, 3, 0, 3]"
1438,"[1, 1, 1, 1, 1, 3]"
425,"[3, 3, 0, 3, 3, 3, 0, 0, 0, 0]"
1877,"[2, 0, 0, 0, 0]"
2757,"[1, 1, 2, 2, 1, 1, 3]"
1480,"[2, 2, 2, 2, 2, 0, 0, 0, 0, 0, 3]"
12,"[2, 2, 2, 2, 0, 0, 0, 0, 0]"
1789,"[3, 0, 0, 0, 0, 0]"
2919,"[2, 0, 0, 0, 3, 0, 0]"
2289,"[3, 3, 3, 3, 3, 0, 0, 0, 1, 1, 1, 0, 0]"
2148,"[2, 2, 0, 0, 0, 0, 0]"
2773,"[3, 3, 1, 1, 1, 1, 1]"
1125,"[1, 1, 1, 1, 3]"
420,"[0, 0, 0, 0, 0, 3, 3, 3]"
2922,"[1, 1, 3, 3, 3, 3, 0, 0]"
2588,"[0, 0, 0, 0, 3]"
2179,"[1, 2, 2, 1, 1, 1, 3, 3, 1]"
1263,"[2, 2, 2, 2, 2]"
2207,"[1, 1, 1, 1, 1]"
2752,"[2, 2, 2, 2, 2, 0, 0]"
606,"[0, 2, 2, 2, 2, 1, 1]"
873,"[3, 3, 3, 3, 3, 1, 1]"
1489,"[3, 1, 1, 3, 3, 3, 0, 0, 0]"
2882,"[0, 1, 3, 3, 0, 3, 3, 1]"
3089,"[2, 2, 2, 2, 1, 1, 1, 1, 1]"
1170,"[2, 1, 1, 1, 1]"
2264,"[2, 2, 0, 0, 0, 0, 0]"
162,"[1, 1, 1, 1, 3, 3, 3, 3, 2, 1]"
3067,"[1, 3, 3, 3, 3, 0, 0, 0]"
1441,"[0, 0, 0, 0, 0, 2, 2, 2, 2, 1]"
3193,"[3, 3, 3, 3, 1, 1, 1, 1]"
2176,"[3, 3, 1, 1, 1, 1, 1, 2, 2, 2, 0]"
1944,"[3, 3, 3, 3, 1, 1, 1, 1, 1]"
260,"[1, 3, 3, 3, 3, 3, 0, 0]"
3202,"[1, 1, 1, 1, 2, 2, 2, 1]"
861,"[0, 3, 3, 3, 3, 0, 0]"
498,"[3, 3, 1, 3, 3]"
2009,"[1, 1, 3, 3, 3, 3]"
535,"[0, 0, 0, 0, 0]"
981,"[3, 1, 1, 1, 1, 1, 2, 2, 2, 2, 2]"
846,"[2, 2, 2, 2, 0, 2, 0, 0, 0, 3, 3]"
1762,"[2, 2, 0, 2, 2, 2]"
1958,"[0, 3, 3, 3, 3, 3]"
268,"[1, 2, 2, 2, 2, 2, 0, 0, 0, 0, 0]"
1734,"[1, 1, 1, 1, 1, 3, 3, 3, 3, 3]"
833,"[3, 3, 1, 1, 1, 2, 2, 1]"
352,"[1, 1, 3, 3, 3, 0, 3, 3, 0]"
2658,"[1, 1, 2, 2, 2, 2, 2]"
3109,"[0, 0, 0, 0, 0]"
2425,"[1, 2, 2, 2, 2, 0, 0, 0, 2]"
456,"[2, 2, 2, 2, 0, 0, 0, 0, 2]"
2633,"[1, 1, 2, 1, 1, 1, 3, 3, 3]"
1859,"[3, 3, 3, 3, 1, 1]"
3004,"[3, 0, 0, 0, 3, 3, 3, 3]"
146,"[0, 0, 0, 2, 2, 2, 2, 2, 1, 1, 3]"
2997,"[3, 3, 3, 0, 3]"
3143,"[3, 3, 3, 3, 3, 0]"
932,"[0, 0, 3, 3, 3, 3, 1, 1]"
1651,"[0, 0, 0, 0, 3]"
2406,"[0, 0, 1, 1, 0, 0, 0, 0, 0, 3, 3, 3, 3, 3]"
2313,"[0, 3, 3, 3, 0, 0, 0, 3, 3]"
2020,"[2, 2, 2, 2, 0, 2]"
1920,"[2, 2, 2, 2, 2]"
2389,"[3, 3, 3, 0, 0, 0, 0, 0]"
551,"[1, 1, 1, 1]"
2729,"[1, 3, 3, 3, 3, 3, 1, 2]"
2523,"[3, 3, 3, 1, 1, 1, 1, 2, 1, 2, 2]"
2674,"[1, 1, 1, 1, 1, 2, 2, 2, 2, 2]"
903,"[2, 2, 2, 2, 2, 0]"
610,"[1, 0, 0, 3, 3, 3, 3]"
1157,"[3, 3, 3, 3, 0]"
2902,"[1, 1, 1, 1, 3, 3, 3, 3, 3]"
1372,"[1, 1, 1, 1, 1, 3, 3, 3, 3]"
2405,"[3, 0, 0, 3, 3, 3, 1]"
3234,"[0, 0, 0, 0, 2]"
2665,"[3, 3, 3, 3, 0]"
2188,"[0, 0, 0, 0, 0, 2, 2]"
2438,"[0, 0, 2, 2, 2, 2, 0]"
2246,"[0, 0, 3, 3, 3, 3, 3]"
810,"[2, 0, 0, 0, 2, 2, 2, 2]"
2806,"[3, 3, 3, 3, 3, 0, 0, 0, 0]"
2785,"[3, 1, 1, 1, 3, 1, 3, 1, 3]"
1067,"[2, 0, 0, 2, 0, 2, 0, 2]"
1801,"[1, 3, 3, 0, 3, 3, 3, 1, 2]"
2762,"[2, 1, 2, 1, 2, 1, 2, 2]"
3219,"[3, 3, 1, 1, 1, 1, 1]"
62,"[3, 3, 3, 3, 3]"
927,"[1, 2, 1, 2, 3, 3, 1, 3, 3, 1]"
853,"[1, 2, 1, 2, 1, 1, 1, 2, 2, 2, 0, 0, 0, 0]"
1075,"[3, 3, 3, 3, 1]"
1842,"[3, 1, 3, 1, 3, 1, 1, 1]"
1769,"[3, 1, 3, 1, 3, 3, 3]"
81,"[2, 1, 2, 2, 1, 1, 1, 2, 2]"
950,"[2, 2, 2, 2, 2]"
865,"[0, 1, 1, 3, 3, 3, 3, 3]"
1957,"[1, 2, 2, 2, 2, 2]"
1776,"[3, 0, 0, 0, 0, 0, 2, 2, 2, 2, 2]"
611,"[2, 0, 0, 0, 0, 0, 1, 3]"
342,"[1, 2, 2, 2, 2, 2]"
940,"[1, 1, 1, 2, 2, 2, 2, 1]"
924,"[3, 3, 3, 3, 3, 0]"
1632,"[3, 1, 1, 1, 1, 2]"
213,"[1, 1, 1, 2, 2, 2, 2, 2]"
388,"[0, 3, 3, 3, 3, 3]"
1114,"[0, 2, 2, 2, 2, 0, 0]"
495,"[2, 2, 2, 2, 2, 0]"
262,"[1, 1, 3, 3, 3, 3, 3, 0]"
2047,"[1, 2, 2, 2, 2]"
3148,"[1, 2, 2, 2, 2, 2, 0, 0, 0, 0, 0, 3]"
1510,"[2, 2, 2, 2, 2, 0, 0, 0, 0]"
2866,"[1, 1, 1, 1, 3, 3, 3, 3]"
2739,"[0, 0, 3, 3, 0, 0, 3, 3, 3]"
325,"[0, 0, 0, 0, 0, 3]"
437,"[2, 2, 1, 1, 1, 1, 1, 3, 2]"
2602,"[2, 2, 3, 0, 0, 0, 0, 3]"
1040,"[0, 3, 3, 3, 3, 3]"
609,"[3, 2, 2, 1, 1, 1, 1, 2]"
1645,"[2, 2, 2, 2, 1]"
2660,"[0, 0, 0, 2, 2, 0, 2]"
1767,"[1, 1, 3, 3, 3, 3, 3]"
767,"[2, 3, 3, 1, 1, 1, 1]"
890,"[1, 1, 2, 2, 2, 2, 2, 1, 3]"
346,"[2, 1, 1, 1, 1, 2, 2, 2, 2]"
1192,"[3, 3, 3, 3, 1, 1]"
786,"[0, 0, 2, 2, 2, 2]"
2326,"[0, 0, 0, 0, 0, 3, 3, 3]"
29,"[1, 1, 1, 1, 1]"
3226,"[3, 3, 3, 3, 3, 1, 1, 1]"
246,"[1, 3, 3, 3, 3, 3]"
1975,"[1, 3, 3, 3, 3, 3]"
222,"[3, 3, 0, 3, 3, 0, 0, 0, 0]"
2607,"[1, 3, 3, 3, 3]"
3031,"[1, 1, 1, 1, 2, 1, 2, 2, 0]"
1647,"[1, 1, 1, 1, 1, 2, 2]"
1439,"[2, 2, 2, 2]"
632,"[0, 0, 3, 3, 3, 3]"
1783,"[0, 0, 0, 0]"
2066,"[2, 2, 2, 2, 1, 1, 1, 1, 1]"
2973,"[2, 2, 2, 2]"
247,"[3, 3, 3, 3, 3, 0, 0, 0]"
2151,"[2, 2, 2, 1, 1, 1, 2]"
180,"[3, 3, 3, 1, 3]"
1028,"[0, 3, 3, 3, 3, 1, 1]"
2464,"[0, 3, 3, 3, 3, 3, 0]"
1627,"[3, 3, 3, 0, 0, 3, 3, 0, 0, 2]"
2494,"[3, 1, 1, 1, 3, 1, 3, 3]"
2570,"[3, 0, 0, 0, 0, 3]"
367,"[0, 0, 0, 0]"
3150,"[3, 3, 3, 3, 3, 1, 1, 1]"
1926,"[3, 3, 3, 3, 3, 0, 0]"
1905,"[3, 0, 0, 0, 2, 2, 2, 2, 2, 0]"
2468,"[0, 0, 3, 3, 3, 3, 3, 1, 1, 1, 1, 1]"
100,"[1, 1, 2, 2, 2, 2]"
2437,"[2, 2, 2, 2, 2, 1, 1, 1]"
1803,"[1, 1, 1, 1, 3]"
2392,"[2, 2, 1, 1, 1, 1, 1, 3]"
60,"[0, 2, 2, 2, 2]"
432,"[3, 3, 3, 3, 1, 3, 1, 1, 1]"
290,"[3, 3, 3, 3, 3, 0]"
1675,"[0, 3, 3, 3, 3, 3, 1]"
2464,"[1, 0, 0, 3, 3, 3, 3, 3, 0]"
2473,"[3, 3, 1, 1, 1, 1, 3]"
1020,"[0, 2, 2, 0, 2, 2]"
71,"[0, 0, 0, 0, 2, 2, 2]"
2985,"[2, 0, 2, 2, 2, 2, 0, 0, 0, 0]"
999,"[2, 0, 2, 0, 0, 2, 2, 1]"
827,"[3, 3, 3, 3, 0, 0, 0, 0]"
1754,"[3, 3, 3, 3, 3, 1, 1, 1]"
1119,"[3, 3, 0, 0, 0, 0]"
2950,"[0, 0, 0, 0, 3, 3, 3, 3, 3]"
26,"[3, 0, 0, 0, 0, 0]"
500,"[0, 2, 2, 2, 2, 1]"
2361,"[3, 0, 0, 0, 0, 0, 2, 2, 2]"
2707,"[3, 3, 3, 0, 0, 0, 0]"
425,"[0, 3, 3, 3, 3, 3, 0, 0, 0, 0]"
2368,"[3, 3, 3, 3, 0]"
1925,"[3, 3, 3, 3, 3, 0, 0]"
1722,"[2, 2, 2, 2, 0]"
2447,"[2, 2, 2, 2, 1]"
2251,"[2, 2, 1, 1, 2, 2, 0, 2]"
2005,"[2, 2, 2, 1, 2, 1]"
1339,"[2, 2, 2, 0, 0, 0, 0]"
2384,"[3, 3, 3, 3, 3, 1]"
2362,"[2, 2, 2, 2, 2, 1]"
2556,"[1, 1, 1, 1, 1, 2, 2, 2, 3]"
2876,"[0, 0, 0, 0, 0, 3]"
1335,"[0, 0, 0, 0, 0, 3, 3, 3, 3]"
1905,"[3, 0, 0, 0, 0, 1, 2, 2, 2, 2, 2, 0]"
693,"[1, 3, 1, 3, 1, 1, 1]"
774,"[0, 0, 0, 0, 2, 2, 0]"
2865,"[1, 2, 2, 2, 2, 2]"
1969,"[1, 3, 3, 3, 3, 1]"
2837,"[0, 0, 0, 0, 3, 3, 3, 3, 0]"
2129,"[1, 1, 1, 1, 2]"
875,"[1, 2, 2, 2, 2]"
2723,"[2, 2, 2, 2, 0, 0]"
2676,"[3, 3, 3, 3]"
2174,"[1, 1, 3, 3, 3, 0, 3, 3]"
1634,"[0, 3, 3, 3, 3, 3, 2, 1, 1]"
2132,"[0, 0, 3, 3, 2, 0, 0]"
694,"[0, 0, 3, 0, 0, 0, 2, 2]"
2893,"[3, 3, 3, 3, 1]"
2985,"[0, 2, 2, 2, 2, 2, 0, 0, 0, 0]"
6,"[0, 0, 0, 0, 3, 3, 3, 0, 3, 3]"
1560,"[0, 2, 2, 2, 2]"
1076,"[0, 2, 2, 0, 0, 0, 3]"
2928,"[0, 0, 0, 0, 2]"
269,"[2, 0, 0, 0, 2, 2, 2, 0]"
1710,"[0, 3, 3, 3, 3, 3, 2]"
2604,"[2, 0, 0, 0, 2, 2, 2, 0]"
1077,"[3, 0, 0, 3, 3, 3, 3, 1]"
1741,"[0, 0, 0, 0, 3, 0]"
340,"[1, 1, 1, 1, 2, 2, 2, 2, 2]"
1135,"[2, 1, 0, 2, 2, 2, 2, 0, 0, 0, 0]"
2214,"[2, 0, 0, 0, 0, 0]"
618,"[2, 2, 1, 2, 1, 2, 2]"
3020,"[2, 2, 2, 2, 2, 0, 0, 0, 0, 0]"
3224,"[3, 3, 3, 3, 3, 0, 0, 0, 0, 0]"
682,"[0, 2, 2, 2, 1, 1, 1, 1, 2]"
2000,"[2, 2, 2, 2, 2, 0]"
2471,"[0, 0, 0, 3, 3, 3, 0, 0]"
750,"[2, 1, 3, 2, 2, 3, 3, 1, 1, 1, 1, 2, 0, 2]"
3002,"[0, 0, 2, 2, 2, 2, 0, 2, 0]"
359,"[2, 2, 2, 3, 1, 2, 2, 2, 0, 0, 0, 0, 0]"
1166,"[1, 3, 3, 3, 3, 3]"
1128,"[2, 0, 0, 0, 0, 0]"
416,"[3, 3, 3, 3, 3, 2, 1]"
1484,"[1, 2, 2, 2, 2, 2, 1, 1]"
1871,"[3, 3, 3, 3, 3, 0]"
707,"[1, 1, 1, 1, 1, 3, 3, 3, 3, 3]"
2144,"[3, 3, 3, 3, 3, 0]"
206,"[2, 3, 3, 1, 1, 1, 1, 3, 3, 3]"
2950,"[0, 0, 0, 0, 3, 3, 3, 3]"
791,"[1, 1, 1, 1, 2, 2]"
1587,"[3, 3, 3, 3, 0]"
2828,"[2, 2, 2, 2, 2]"
2158,"[0, 0, 0, 0, 3, 3]"
897,"[1, 1, 1, 1, 1, 3]"
389,"[0, 3, 3, 3, 0, 0, 3]"
377,"[0, 0, 0, 0, 3, 3, 3, 3, 1]"
1538,"[3, 2, 2, 2, 2, 0, 0, 0, 0]"
2658,"[1, 1, 2, 2, 2, 2, 2]"
982,"[1, 1, 3, 3, 1, 1]"
3209,"[3, 3, 3, 3, 3, 1, 1, 1, 1]"
2418,"[0, 0, 0, 3, 1, 1, 1, 1, 1, 3, 3, 3]"
2835,"[1, 2, 2, 1, 2, 2, 2, 0, 0, 3]"
2299,"[2, 1, 1, 1, 1, 3, 3]"
834,"[3, 3, 3, 3, 3]"
2069,"[2, 2, 0, 2, 2, 2, 0, 0, 0, 0]"
2493,"[2, 1, 1, 1, 1, 3]"
657,"[0, 0, 0, 0, 2, 2, 2, 2, 2]"
1946,"[3, 3, 3, 3, 3]"
2869,"[0, 0, 0, 2, 2, 2, 2]"
767,"[1, 1, 1, 1, 3]"
2827,"[3, 3, 3, 3, 3, 2, 0, 0, 0, 0, 0]"
40,"[1, 1, 1, 1, 2, 2, 2, 2, 2]"
2850,"[1, 1, 2, 2, 2, 1, 1]"
267,"[1, 3, 3, 3, 1, 1, 1, 1]"
1334,"[1, 2, 3, 2, 1, 2, 1, 1, 2, 1, 2, 2]"
848,"[2, 1, 3, 0, 2, 1, 2, 2, 2, 2]"
2263,"[0, 0, 0, 0, 0]"
810,"[1, 1, 0, 0, 2, 0, 0, 2, 0, 2, 2, 2]"
14,"[1, 1, 2, 1, 1]"
1307,"[1, 0, 1, 2, 1, 2, 1, 2, 2, 1, 2]"
2756,"[3, 2, 3, 1, 3, 1, 3, 1, 3, 1, 1]"
2944,"[3, 2, 3, 1, 1, 1, 2, 1]"
3266,"[1, 3, 1, 1, 2, 1]"
2569,"[0, 1, 3, 1, 0, 3, 3, 3, 1, 3, 1, 1, 1]"
303,"[0, 2, 0, 0, 0, 2, 0]"
574,"[2, 2, 2, 2]"
3214,"[0, 1, 3, 1, 3, 1, 3, 1, 3, 3]"
443,"[3, 1, 3, 1, 3, 1, 3, 1, 1, 2, 2]"
3136,"[2, 1, 1, 3, 1, 1, 3, 1, 3]"
1701,"[0, 0, 0, 0, 0, 2]"
2897,"[2, 2, 2, 1, 2, 1, 1]"
951,"[1, 1, 1, 1]"
913,"[0, 2, 0, 0, 0, 3, 3]"
2392,"[1, 1, 2, 1, 1, 1]"
851,"[0, 0, 0, 3, 3, 0, 0]"
2388,"[0, 0, 2, 2, 2, 2, 2]"
1204,"[3, 3, 3, 3, 3, 0, 0]"
2267,"[1, 1, 1, 1, 1]"
244,"[0, 1, 2, 2, 1, 2, 1, 1, 1, 2, 2]"
126,"[0, 2, 2, 2, 2, 0, 0, 0, 0, 2]"
875,"[2, 2, 2, 2, 1]"
2164,"[0, 0, 0, 2, 2, 2, 0]"
1845,"[2, 2, 2, 2, 2, 0, 0]"
564,"[1, 1, 1, 1, 1, 3, 3, 3]"
872,"[2, 3, 2, 3, 0, 1, 2, 3, 0, 0, 0, 0, 0, 2, 2, 2]"
1916,"[1, 1, 3, 3, 3, 1, 1, 1, 2, 2, 2]"
1047,"[3, 3, 1, 3, 3, 3, 0, 0, 0]"
2316,"[3, 0, 0, 0, 0, 0, 3, 3, 3, 3]"
3093,"[2, 2, 0, 0, 0, 0, 3, 3, 3, 3, 3]"
2383,"[3, 3, 3, 0, 0, 0, 0, 0]"
2376,"[0, 0, 2, 2, 2, 2, 2, 1, 1]"
17,"[1, 1, 1, 1, 1, 3, 3, 0, 0]"
3019,"[2, 2, 0, 0, 0, 1, 2, 2, 1, 1]"
2350,"[3, 3, 3, 3, 2, 2, 2, 3, 3, 3, 3, 2, 1, 1, 1, 1, 3]"
18,"[1, 1, 1, 1, 3, 3]"
1689,"[1, 1, 1, 1, 3, 2]"
2518,"[2, 2, 0, 0, 0, 0, 0, 3, 3]"
1241,"[1, 1, 1, 3, 1]"
2223,"[0, 3, 3, 3, 3, 3, 1, 1, 1]"
68,"[1, 1, 1, 1, 3, 3]"
966,"[3, 3, 0, 0, 1, 3, 3, 1, 0, 0, 3]"
934,"[1, 1, 1, 1]"
4,"[0, 2, 2, 2, 2, 1, 1, 1]"
3132,"[0, 0, 0, 0, 2]"
1676,"[0, 0, 2, 2, 1, 1, 2, 2, 0, 0, 2]"
2172,"[1, 0, 3, 1, 1, 1, 3, 3, 3, 0]"
414,"[0, 0, 1, 2, 2, 2, 2, 2, 1]"
1212,"[0, 0, 0, 0, 0, 3, 3]"
803,"[1, 1, 1, 1, 3, 3, 3, 3, 3]"
1543,"[3, 3, 3, 3, 1, 1, 1, 1]"
1761,"[0, 2, 2, 2, 2, 2, 0, 0]"
2921,"[1, 1, 1, 1]"
2860,"[1, 0, 0, 0, 0, 0, 2, 2, 2, 2, 1]"
2928,"[3, 0, 0, 0, 0, 2, 2]"
1591,"[0, 0, 0, 2, 2, 1, 1, 1, 1, 2, 0, 2]"
909,"[3, 3, 0, 0, 0, 0, 0]"
627,"[3, 2, 0, 0, 0, 0, 2]"
502,"[1, 1, 1, 3, 3, 3, 3, 3]"
740,"[1, 1, 1, 2, 2, 2, 2]"
946,"[0, 0, 0, 0, 0, 3, 3, 3, 3, 3]"
1550,"[1, 3, 3, 3, 3]"
226,"[0, 3, 3, 3, 3, 0, 0]"
1783,"[0, 0, 0, 0]"
2127,"[1, 1, 1, 0, 2, 2, 2, 2, 2]"
2095,"[1, 2, 2, 2, 2, 2]"
1791,"[2, 0, 0, 0, 0]"
2175,"[0, 1, 1, 1, 2, 2, 2, 2]"
676,"[1, 1, 3, 3, 1, 1, 2, 2, 2, 2]"
2176,"[3, 3, 1, 1, 1, 1, 2, 2, 2]"
391,"[2, 1, 0, 2, 2, 2, 2, 3, 3, 3, 3, 3, 1, 1, 1, 2, 2, 2, 0, 2, 2]"
552,"[3, 3, 3, 3, 0]"
2670,"[1, 1, 2, 2, 2, 2, 2]"
1350,"[1, 1, 1, 2, 2, 1, 1]"
3021,"[2, 2, 2, 0, 0, 0, 0, 0]"
1182,"[3, 1, 3, 1, 1, 2, 2, 1]"
819,"[3, 3, 3, 3, 1, 1, 1, 1, 1]"
1823,"[2, 2, 1, 1, 1, 1, 2, 1]"
303,"[0, 2, 0, 0, 0, 2, 0]"
2380,"[0, 3, 0, 0, 0, 0]"
753,"[0, 0, 3, 3, 3, 3, 0, 0]"
2332,"[0, 2, 2, 0, 0, 0, 2, 0]"
344,"[2, 1, 2, 2, 2, 2, 1]"
2845,"[1, 1, 1, 1, 2, 2, 2]"
374,"[3, 3, 3, 3, 0, 0]"
2957,"[0, 0, 0, 0, 0, 1, 2, 2, 2, 2, 2]"
1413,"[1, 1, 1, 1, 2, 2, 2, 2, 2]"
2097,"[0, 0, 0, 0, 2, 2, 2, 2]"
1142,"[2, 1, 1, 1, 1, 1, 2, 2, 2]"
735,"[1, 1, 2, 2, 2, 2]"
1552,"[2, 2, 2, 2, 1, 1, 1]"
2003,"[1, 3, 3, 1, 1, 2, 2, 1]"
1808,"[3, 1, 1, 1, 1]"
2835,"[1, 2, 1, 2, 2, 2, 2, 0, 0, 3]"
2342,"[3, 3, 3, 3, 0, 0, 0, 0, 0]"
2928,"[0, 0, 0, 0, 2]"
634,"[0, 2, 2, 0, 0, 0, 0]"
3113,"[2, 2, 1, 1, 1, 1]"
2005,"[2, 2, 2, 2, 1, 1]"
2818,"[2, 2, 2, 2]"
2197,"[2, 2, 1, 1, 1, 1, 1, 3]"
1032,"[3, 3, 3, 3, 3, 1, 1, 1, 1, 0, 0, 0]"
890,"[1, 1, 2, 2, 2, 2, 2, 1]"
1372,"[1, 1, 1, 1, 1, 3, 3, 3, 3]"
829,"[1, 1, 1, 1, 2, 2]"
725,"[3, 3, 3, 3, 3]"
1374,"[0, 2, 2, 2, 2, 1, 1, 1, 1]"
919,"[1, 1, 1, 1, 1]"
1798,"[0, 0, 2, 2, 2, 2, 2, 1, 3]"
736,"[3, 1, 1, 1, 2, 1, 1, 3]"
2988,"[1, 2, 2, 2, 2, 2, 0, 0, 0, 0]"
1797,"[0, 0, 0, 0, 0, 3, 1, 3]"
263,"[1, 1, 3, 3, 3, 3, 0]"
1920,"[2, 2, 2, 2, 2]"
817,"[1, 2, 2, 2, 2, 2, 0]"
1339,"[2, 2, 2, 0, 0, 0, 0]"
1513,"[3, 3, 3, 3, 1]"
1269,"[0, 0, 0, 0, 0]"
1831,"[1, 1, 3, 3, 3, 3, 3]"
676,"[1, 1, 3, 3, 1, 1, 2, 2, 2, 2]"
2598,"[1, 1, 2, 2, 2, 2, 2]"
1998,"[0, 2, 2, 2, 2, 2]"
402,"[2, 2, 2, 2, 2, 1, 1]"
569,"[2, 2, 2, 0, 2]"
547,"[3, 1, 1, 1, 1, 2, 2, 2, 1]"
2186,"[3, 3, 3, 3, 3, 1, 1, 1]"
1435,"[3, 0, 0, 0, 0, 2]"
2491,"[3, 3, 3, 3, 3, 1, 1]"
2833,"[3, 3, 3, 3, 3]"
1560,"[0, 2, 2, 2, 2]"
1156,"[2, 3, 2, 3, 2, 2, 0, 0, 0, 0, 0]"
1649,"[2, 0, 0, 0, 0, 0]"
578,"[2, 0, 0, 0, 0, 0]"
2,"[0, 3, 3, 3, 3, 3, 1]"
5,"[2, 1, 1, 1, 1, 3, 3, 3]"
1120,"[2, 0, 0, 0, 0, 0]"
2479,"[3, 3, 1, 3, 1, 1, 3]"
702,"[1, 3, 1, 1, 1, 3, 3, 3]"
2612,"[0, 0, 0, 0, 0]"
2015,"[1, 1, 1, 1, 1, 3, 0]"
665,"[3, 3, 3, 3, 0]"
2835,"[1, 2, 2, 1, 2, 2, 2, 0, 0, 3]"
1730,"[0, 0, 0, 0, 0, 3]"
1611,"[2, 0, 0, 0, 2, 0, 2, 2, 0, 2]"
405,"[1, 2, 1, 1, 1, 1, 2, 2]"
1161,"[0, 3, 1, 1, 1, 3, 1, 3, 3, 3]"
643,"[0, 0, 3, 3, 3, 3, 0, 3]"
2062,"[2, 2, 2, 1, 2, 1, 1, 1]"
514,"[2, 0, 0, 0, 3, 0, 2, 2]"
3229,"[0, 0, 0, 3, 0, 3, 0]"
1650,"[2, 0, 2, 0, 2, 2, 2]"
2071,"[2, 2, 0, 2, 2, 2, 1]"
2471,"[0, 3, 0, 3, 0, 3, 0]"
2183,"[0, 0, 0, 0, 0]"
2575,"[3, 0, 0, 2, 0, 0, 2, 2]"
2877,"[1, 1, 1, 3, 1, 3, 1, 3]"
1208,"[0, 3, 0, 3, 3, 3, 0]"
60,"[2, 0, 2, 2, 2]"
2400,"[0, 3, 3, 3, 3]"
323,"[2, 2, 2, 0, 0, 2, 0, 0]"
2655,"[1, 1, 3, 3, 3, 3]"
1581,"[2, 2, 0, 0, 0, 0, 0, 2]"
1731,"[2, 2, 2, 2, 2, 0, 0]"
1917,"[0, 0, 2, 2, 2, 0, 0, 0]"
367,"[0, 0, 0, 0]"
1207,"[0, 0, 0, 0, 0]"
2207,"[1, 1, 1, 1, 1]"
17,"[1, 1, 1, 1, 3, 3]"
3088,"[1, 1, 1, 1, 1]"
1198,"[1, 2, 2, 1, 1, 2, 2]"
43,"[1, 1, 1, 1]"
910,"[0, 2, 2, 2, 2, 1, 2]"
2919,"[2, 0, 0, 3, 0, 0, 0]"
1681,"[0, 0, 0, 3, 0, 0]"
375,"[1, 1, 1, 1, 3]"
1645,"[2, 2, 2, 2, 1]"
2509,"[1, 1, 1, 1, 2, 2]"
956,"[1, 1, 1, 1]"
1259,"[1, 0, 2, 0, 2, 2, 2, 2, 0]"
775,"[3, 3, 3, 3, 0]"
2512,"[0, 0, 0, 0, 0]"
1991,"[2, 2, 2, 2, 2, 0, 0, 0]"
2433,"[1, 2, 2, 2, 2]"
1307,"[1, 1, 1, 1, 2, 2, 2, 2, 2]"
2282,"[1, 1, 3, 3, 3, 1, 1, 1]"
75,"[2, 2, 2, 2, 0, 0, 0, 0, 0]"
1321,"[2, 2, 2, 1, 1, 1, 2, 2]"
3206,"[3, 3, 3, 3, 3]"
619,"[2, 2, 1, 2, 1, 1, 1, 2, 2]"
70,"[0, 0, 0, 0]"
2319,"[2, 2, 2, 2, 0, 0, 0]"
334,"[0, 0, 0, 0, 0, 3, 3]"
402,"[2, 2, 2, 2, 2, 1, 1]"
3217,"[1, 1, 1, 1, 3, 1]"
2650,"[2, 1, 1, 2, 1, 1, 2]"
697,"[0, 0, 0, 0, 0, 3]"
2599,"[1, 2, 2, 2, 2, 0, 0, 0]"
1719,"[3, 1, 1, 1, 3, 3, 3, 1]"
388,"[0, 3, 3, 3, 3, 3]"
1036,"[1, 3, 1, 1, 1, 1, 2]"
1464,"[0, 0, 2, 2, 2, 2, 0, 0, 2]"
2706,"[3, 3, 3, 3]"
3090,"[1, 1, 1, 1, 2]"
346,"[1, 2, 1, 1, 1, 2, 2, 2, 2]"
307,"[3, 3, 0, 0, 3, 3, 3, 0, 0]"
1868,"[3, 3, 0, 3, 3, 0]"
2294,"[1, 2, 1, 1, 1, 3, 1]"
1872,"[2, 2, 2, 2, 2]"
1194,"[3, 2, 2, 2, 0, 0, 0, 2, 0, 0]"
972,"[3, 3, 3, 3, 3, 0, 0, 0, 0, 0]"
2408,"[2, 2, 2, 2, 1]"
1503,"[2, 2, 2, 0, 2, 0, 0]"
2840,"[0, 3, 3, 3, 3]"
1901,"[3, 0, 3, 3, 3]"
3183,"[1, 1, 1, 1, 2, 1, 2, 2, 2, 2]"
1446,"[2, 2, 1, 1, 1, 1, 1, 3, 3, 3]"
2892,"[2, 2, 0, 0, 0, 0, 0]"
2162,"[2, 2, 2, 2, 0, 0, 0, 0, 2]"
2040,"[3, 3, 3, 3, 0, 0]"
1281,"[1, 2, 2, 2, 2, 1, 1, 2, 1]"
247,"[0, 1, 1, 3, 3, 3, 3, 3, 2, 2, 3, 3, 0, 0, 0]"
1578,"[2, 0, 0, 0, 2, 0]"
2681,"[2, 2, 2, 0, 0, 2]"
1547,"[1, 1, 2, 2, 2, 2, 0, 2]"
2179,"[1, 2, 2, 1, 1, 1, 3, 3, 1]"
1773,"[1, 1, 1, 1, 3]"
3072,"[2, 1, 1, 2, 2, 2, 2, 0, 0, 0, 0]"
1531,"[2, 0, 0, 0, 0, 3, 3, 3, 3]"
2748,"[0, 0, 0, 0, 0]"
280,"[1, 1, 1, 1, 1, 2, 2]"
2999,"[1, 1, 1, 1]"
2784,"[3, 2, 2, 0, 0, 0, 0, 2]"
2186,"[0, 0, 1, 1, 1, 1, 1, 3, 3, 3, 3, 3]"
567,"[1, 1, 1, 1]"
2827,"[3, 3, 3, 3, 0, 0, 0, 0]"
1232,"[1, 3, 0, 0, 3, 3, 3, 3, 1, 2, 2, 1]"
2472,"[2, 3, 1, 1, 2, 2, 2, 2, 2, 0]"
624,"[3, 3, 3, 1, 1, 1, 3]"
2139,"[3, 3, 3, 0, 0, 0, 0]"
2344,"[1, 3, 3, 3, 3]"
1486,"[0, 0, 2, 2, 2, 2]"
580,"[3, 3, 3, 3, 3, 0, 0, 0, 0]"
2057,"[2, 2, 2, 2, 1, 1]"
2128,"[2, 2, 2, 2, 0, 0, 0]"
1182,"[3, 1, 3, 1, 1, 2, 2, 0, 1, 1]"
3148,"[2, 2, 2, 1, 2, 2, 0, 0, 0, 0, 0, 3, 1]"
206,"[3, 1, 1, 1, 1, 1, 0, 3, 3, 3]"
2288,"[1, 1, 3, 3, 3, 3, 3]"
2363,"[1, 1, 1, 2, 2, 1]"
3059,"[1, 1, 1, 1, 1]"
1416,"[0, 3, 3, 0, 3, 3, 3, 1]"
1865,"[3, 3, 3, 3, 3, 0, 0, 0, 0, 0]"
2764,"[3, 3, 3, 0, 3]"
1689,"[1, 1, 1, 1, 3]"
1606,"[0, 0, 0, 0]"
2802,"[1, 1, 1, 1]"
526,"[0, 2, 2, 2, 2]"
1944,"[3, 3, 3, 3, 1, 1, 1, 1]"
2897,"[2, 2, 2, 1, 1, 1, 2]"
1365,"[2, 2, 0, 0, 0, 0, 0]"
1061,"[3, 3, 3, 3, 3, 0, 0]"
1388,"[2, 2, 2, 2, 1, 1, 1]"
1161,"[3, 3, 1, 1, 1, 3, 3, 3]"
2738,"[2, 2, 2, 1, 1, 1, 1, 1]"
2035,"[3, 0, 0, 0, 0, 0, 2]"
3110,"[1, 0, 3, 3, 3, 3, 1, 2, 2, 2, 2, 0, 3, 3, 3, 2, 0, 0, 0, 0, 2, 2, 3, 3, 3, 3, 1, 3, 1, 1, 1, 1, 2, 0, 0]"
487,"[2, 2, 1, 1, 1, 1, 1]"
6,"[3, 3, 0, 0, 0, 0, 3, 0, 3, 3]"
1658,"[0, 0, 0, 0, 3, 0, 3, 3, 3, 1, 1, 1, 1, 1]"
3046,"[3, 3, 0, 0, 0, 0, 2]"
1633,"[1, 2, 2, 2, 2, 2, 0]"
3073,"[1, 1, 2, 2, 2, 2, 0, 0, 1]"
1548,"[3, 3, 3, 3, 0, 0, 0]"
2427,"[0, 3, 3, 3, 3, 3, 2, 1]"
1651,"[2, 3, 3, 0, 0, 0, 0]"
1900,"[2, 1, 1, 1, 1, 1]"
1261,"[0, 0, 0, 2, 2, 2, 2, 1, 1, 1]"
41,"[2, 2, 1, 1, 2, 1, 0, 1, 2, 1, 1]"
1842,"[2, 3, 3, 3, 3, 1, 1, 1, 1, 1]"
1117,"[1, 1, 3, 3, 3, 3, 1, 1]"
629,"[2, 2, 2, 2, 2, 0, 3, 0, 0, 0, 3, 3]"
938,"[0, 3, 0, 0, 0, 0, 2, 2]"
2452,"[0, 2, 0, 0, 0, 3, 3, 3]"
14,"[1, 1, 1, 1, 2]"
811,"[2, 0, 2, 2, 1, 1, 2]"
2401,"[1, 1, 1, 1]"
154,"[3, 3, 3, 0, 0, 3]"
2493,"[2, 1, 1, 1, 1, 3, 2, 0, 0, 0, 0, 2]"
2278,"[3, 0, 3, 3, 3, 3]"
3139,"[2, 2, 2, 2]"
1983,"[2, 2, 2, 2]"
1758,"[2, 2, 2, 2, 2, 3, 3, 3, 3, 3, 1, 2, 0, 2, 2, 2, 2, 3, 3, 2, 2, 1, 1, 1, 1, 1]"
1043,"[0, 3, 0, 3, 3, 3]"
773,"[1, 1, 1, 1, 1, 3]"
1770,"[0, 2, 2, 2, 2, 1, 1, 1]"
1691,"[0, 0, 0, 0]"
2355,"[1, 2, 2, 2, 1, 1, 2, 2, 0]"
1887,"[1, 1, 1, 3, 3, 3, 3, 1, 1]"
1445,"[3, 3, 3, 3, 3, 0, 0, 0]"
247,"[1, 3, 3, 3, 3, 3, 0, 0, 0]"
1327,"[0, 0, 3, 3, 3, 3, 3]"
200,"[1, 1, 1, 2, 2, 2, 2, 0]"
208,"[2, 2, 2, 0, 0, 0, 0, 0]"
1358,"[3, 1, 1, 3, 1, 1, 1]"
2045,"[1, 1, 1, 1, 1, 3, 3]"
2441,"[0, 0, 0, 0]"
1801,"[1, 3, 3, 0, 3, 3, 1]"
2516,"[1, 2, 2, 2, 2, 0, 0, 0, 2]"
994,"[2, 2, 1, 1, 1, 1]"
2619,"[2, 2, 2, 1, 2, 1, 1, 1]"
2595,"[3, 1, 1, 1, 1, 1, 2, 2]"
591,"[1, 1, 1, 1, 3, 1]"
1741,"[3, 2, 0, 0, 0, 3, 0, 0]"
1698,"[3, 3, 3, 0, 0, 3, 3]"
2528,"[1, 1, 1, 1, 1]"
3253,"[1, 1, 2, 0, 2, 2, 2, 2, 0, 0, 0]"
332,"[2, 1, 1, 1, 1, 1]"
969,"[1, 0, 2, 2, 0, 2, 2, 2, 0, 0, 0]"
550,"[3, 3, 3, 3, 3, 1, 1]"
602,"[1, 1, 2, 2, 1, 2, 2, 2, 3, 1, 1]"
136,"[3, 0, 0, 3, 3, 3, 3, 0, 0]"
799,"[2, 2, 2, 2, 2, 1, 1, 1, 1, 1]"
370,"[1, 1, 3, 1, 1, 1]"
1023,"[0, 3, 3, 0, 0, 0, 0, 1, 1, 1, 1, 2, 2, 0, 3, 3, 3, 0]"
3151,"[0, 0, 3, 3, 3, 0, 0, 0, 2, 1]"
2932,"[3, 3, 3, 3, 3, 2, 2, 3, 3, 1, 2, 2, 2, 2, 2, 1, 3, 3, 2, 2]"
3166,"[3, 3, 3, 3, 0, 1, 0, 2, 2, 2, 2, 2, 0, 3, 3, 3, 3, 3, 0, 2, 2, 2, 2, 2, 0, 3, 3, 3, 3, 3, 0, 2, 2]"
1546,"[3, 3, 1, 1, 2, 2, 2, 2, 0, 2, 1, 1, 1, 1, 0, 0, 0, 3, 3, 1, 1]"
95,"[3, 0, 0, 0, 2, 2, 2, 0, 3, 3, 0, 3, 3, 2, 2, 1, 1, 2, 2, 0, 0]"
1665,"[0, 0, 0, 0, 0, 2, 2, 2, 2, 2, 1, 3, 1, 2, 1, 3, 3, 3, 3, 3]"
425,"[0, 0, 0, 0, 0, 3, 3, 3, 3, 1, 1, 1, 1, 2, 2, 2, 0, 3, 3, 3]"
158,"[1, 1, 1, 1, 3, 3, 3, 3, 3, 0, 2, 2, 2, 2, 0, 3, 3, 3, 3, 0]"
333,"[0, 0, 0, 2, 2, 2, 2, 2]"
1912,"[3, 0, 0, 3, 3, 0, 0]"
3273,"[0, 2, 0, 2, 0, 0, 0, 2, 2]"
134,"[2, 2, 2, 2, 2, 1, 1, 1]"
1487,"[0, 0, 1, 1, 1, 1, 1, 3, 3, 3, 3]"
975,"[0, 0, 0, 0, 0, 2, 2, 2, 1]"
2079,"[2, 1, 1, 1, 3, 1, 1]"
2841,"[3, 0, 0, 0, 0, 3, 3, 3, 3]"
814,"[1, 1, 1, 1, 2, 2, 2, 2]"
342,"[2, 2, 2, 2, 2, 1, 1, 1, 1, 1]"
645,"[3, 3, 0, 0, 0, 0, 3, 3, 3]"
2559,"[2, 2, 0, 0, 0, 0, 0, 3, 3]"
2458,"[3, 3, 1, 3, 3, 3]"
327,"[0, 1, 2, 2, 2, 2, 2, 1, 1]"
2493,"[2, 2, 1, 1, 1, 1, 3, 3]"
956,"[2, 1, 1, 1, 3, 1]"
1265,"[2, 2, 2, 2, 2, 3, 2, 1, 1]"
1214,"[0, 0, 0, 0, 0, 2, 2, 2]"
1156,"[2, 2, 0, 0, 0, 0, 0]"
610,"[3, 0, 3, 3, 3]"
2379,"[1, 1, 1, 1]"
1529,"[2, 2, 1, 1, 1, 1, 1]"
2158,"[0, 0, 0, 0, 3, 3]"
1065,"[1, 2, 2, 2, 2, 0, 0]"
1592,"[1, 1, 2, 2, 2, 2, 2, 1, 1, 1]"
2403,"[3, 3, 3, 3, 3, 1]"
2951,"[2, 2, 2, 2, 2, 0, 0, 0]"
1401,"[1, 1, 2, 1, 1, 1, 2, 2, 2, 2]"
2437,"[1, 2, 2, 2, 2, 2, 1, 1]"
2578,"[1, 1, 1, 3, 3, 1, 1]"
698,"[2, 2, 0, 0, 0, 0]"
2639,"[1, 1, 1, 1, 1, 2]"
1687,"[3, 3, 3, 1, 3]"
2101,"[3, 3, 3, 3, 3, 1]"
2132,"[0, 0, 0, 3, 0]"
1639,"[3, 0, 0, 0, 0, 2, 2]"
2470,"[3, 1, 1, 1, 1, 1, 2]"
2548,"[2, 2, 2, 0, 0, 0, 0]"
1564,"[2, 1, 1, 1, 2, 2, 2, 0, 0, 0, 2]"
861,"[0, 0, 3, 1, 3, 3, 3, 0, 0]"
466,"[3, 3, 2, 2, 1, 1, 1, 1, 1, 2, 2]"
1814,"[2, 2, 1, 1, 1, 1, 1, 2]"
1612,"[1, 2, 1, 1, 1, 1, 3, 3]"
742,"[2, 2, 0, 0, 0, 0, 0]"
2059,"[2, 2, 0, 2, 2, 1]"
2562,"[1, 1, 1, 1, 1, 2, 2]"
2739,"[0, 0, 0, 3, 3, 3, 0, 3, 3]"
3062,"[3, 1, 1, 1, 1, 2]"
620,"[2, 1, 1, 1, 1]"
2483,"[2, 1, 1, 1, 1, 1]"
1802,"[2, 2, 2, 2, 2, 0, 0, 0, 0]"
1302,"[1, 1, 1, 1, 2, 2, 2, 2, 2]"
1385,"[2, 1, 1, 1, 1, 1]"
2517,"[2, 0, 0, 0, 0, 2]"
1641,"[0, 0, 0, 0, 3, 3, 3, 3, 3]"
195,"[0, 0, 0, 0, 0, 1]"
331,"[3, 3, 3, 3, 0, 0, 0, 3]"
2320,"[2, 2, 2, 2, 1, 2]"
1318,"[0, 1, 0, 3, 3, 3, 0, 0, 0, 0]"
15,"[3, 3, 3, 3, 0, 0, 0]"
1809,"[3, 0, 0, 0, 0, 0]"
2756,"[3, 3, 1, 1, 1, 1, 1, 3, 3]"
569,"[2, 2, 2, 0, 2]"
3237,"[2, 2, 2, 2]"
2993,"[0, 0, 0, 0, 0]"
1269,"[0, 0, 0, 0, 0]"
2058,"[0, 2, 0, 0, 0, 0]"
1310,"[2, 2, 2, 2, 0, 0]"
322,"[3, 3, 3, 2, 1, 1, 1, 1, 1, 2, 0, 2]"
3029,"[1, 1, 1, 2, 2, 2, 2, 2]"
2422,"[1, 0, 0, 3, 3, 3, 3]"
1931,"[1, 1, 1, 1, 1, 3, 3, 3, 3, 3]"
1628,"[1, 1, 0, 0, 0, 2, 2, 2, 0, 2]"
2200,"[3, 3, 1, 3, 3]"
132,"[0, 0, 0, 3, 1, 3, 3, 3, 3]"
2080,"[0, 3, 3, 3, 3, 3, 1, 1, 1, 1]"
2206,"[0, 0, 0, 2, 0, 0, 2, 2, 2, 2]"
1319,"[2, 0, 2, 2, 2, 2]"
1813,"[3, 3, 3, 3]"
1302,"[1, 1, 1, 1, 2, 2, 2, 2, 2]"
1732,"[2, 2, 2, 2, 2]"
1275,"[1, 2, 2, 2, 1, 1, 1, 3]"
1276,"[3, 3, 3, 0, 0, 3, 3]"
2634,"[0, 0, 0, 0]"
1434,"[2, 1, 1, 1, 1, 1, 3, 3]"
2011,"[0, 0, 3, 3, 3, 3]"
1996,"[3, 3, 0, 0, 0, 0, 0]"
1521,"[3, 3, 3, 3, 3, 1]"
231,"[1, 1, 1, 1, 1, 3, 3, 3, 3]"
3186,"[1, 1, 2, 2, 2, 2, 2]"
2300,"[3, 3, 3, 3, 0]"
990,"[0, 0, 0, 0, 0, 2, 2]"
2889,"[1, 2, 2, 2, 2, 1]"
1420,"[3, 3, 3, 3, 3, 1]"
1977,"[0, 2, 2, 2, 2, 2]"
1451,"[1, 1, 3, 3, 3, 3, 3]"
1951,"[2, 2, 2, 2]"
180,"[1, 3, 3, 3, 3]"
1092,"[1, 1, 1, 1]"
1365,"[0, 0, 0, 0, 0, 2, 2]"
1033,"[0, 0, 0, 0]"
761,"[0, 2, 2, 0, 0, 0, 0, 3, 1, 3, 3, 3]"
2461,"[0, 0, 0, 0, 0, 2, 2, 2, 2]"
695,"[1, 1, 3, 3, 1, 1, 1, 3]"
617,"[2, 1, 1, 1, 1, 1]"
1669,"[3, 3, 3, 1, 1, 1, 1]"
2871,"[0, 0, 0, 0, 0, 2, 2, 2]"
967,"[0, 0, 0, 0, 3]"
2856,"[0, 0, 0, 0, 0, 3, 3]"
1266,"[0, 0, 0, 0, 0, 2, 2, 2, 2]"
2245,"[3, 3, 3, 3, 0, 0, 0, 0]"
1181,"[1, 1, 1, 1, 1, 2, 2, 2, 2]"
2608,"[2, 2, 0, 0, 0, 0, 0, 2]"
916,"[2, 3, 0, 0, 0, 2, 1, 3, 0, 2, 1, 0, 0, 0, 3, 3, 3, 3, 3, 1, 2, 2, 2, 1, 3, 1, 2, 2, 2, 3, 3, 3, 3, 3, 1, 1, 0, 0, 0, 0, 1, 1, 1, 1]"
3120,"[2, 1, 3, 0, 2, 1, 3, 0, 2, 1, 3, 0, 2, 1, 3, 0, 1, 1, 1, 1, 1, 2, 2, 2, 2]"
1949,"[1, 2, 3, 0, 0, 1, 0, 1, 0, 2, 2, 2, 2, 2, 3, 1, 2]"
2225,"[3, 3, 3, 3, 3]"
2625,"[0, 0, 1, 2, 2, 0, 0, 0]"
1937,"[0, 0, 0, 2, 0, 2]"
571,"[1, 2, 2, 2, 2, 0]"
115,"[1, 1, 1, 1, 1, 3, 3, 3, 3, 3, 0]"
1345,"[1, 1, 2, 2, 2, 2, 2]"
2330,"[1, 2, 2, 2, 2, 3, 1, 1, 1, 1, 2]"
2775,"[3, 1, 1, 1, 1, 1, 2, 2, 2, 2]"
2442,"[1, 3, 3, 3, 3, 3, 1, 1, 1, 1]"
275,"[1, 1, 1, 1, 1, 2]"
1425,"[3, 2, 2, 2, 3, 0, 0, 0, 0]"
1979,"[3, 3, 3, 3, 3, 0, 0, 0, 0]"
3034,"[3, 3, 3, 1, 1, 1, 1, 2, 2]"
1718,"[0, 3, 0, 0, 0, 2]"
2170,"[2, 2, 2, 2, 2, 0, 0]"
2238,"[1, 1, 1, 3, 3, 3, 1]"
1511,"[2, 2, 2, 2]"
3135,"[0, 2, 2, 2, 2, 1]"
814,"[1, 1, 1, 1, 2, 2, 2]"
2747,"[3, 3, 3, 3, 1, 1, 1, 1]"
2664,"[0, 0, 0, 0, 2, 2]"
2079,"[2, 1, 1, 1, 1, 3, 1]"
373,"[2, 1, 1, 1, 1]"
1412,"[1, 1, 3, 3, 3, 3]"
2508,"[2, 2, 2, 1, 1, 1, 1, 1]"
1792,"[2, 2, 2, 2, 0]"
222,"[0, 3, 3, 3, 3, 0, 0, 0, 0]"
2771,"[3, 2, 1, 3, 2, 0, 0, 0, 0, 0, 3, 3, 3, 3, 3]"
815,"[3, 3, 3, 3, 3, 1, 1, 1, 1]"
2798,"[3, 3, 2, 0, 0, 3, 3, 3, 3]"
407,"[1, 1, 3, 3, 1, 1, 1]"
2537,"[2, 0, 0, 0, 3, 3, 3, 3, 0]"
2933,"[3, 3, 3, 3, 1, 1]"
432,"[3, 3, 3, 3, 3, 1, 1, 1, 1, 1]"
1216,"[3, 0, 0, 0, 0, 0, 2]"
3095,"[2, 1, 1, 1, 1, 1]"
1203,"[2, 2, 2, 0, 0, 0, 0]"
2274,"[2, 1, 1, 1, 1, 1]"
1377,"[3, 3, 3, 3, 0, 0, 0, 0, 0]"
1461,"[3, 3, 3, 3, 1]"
1831,"[1, 1, 3, 3, 3, 3, 3]"
328,"[3, 3, 3, 1, 1, 1, 1]"
757,"[1, 1, 2, 2, 2, 2]"
1290,"[0, 0, 3, 3, 3, 1, 1, 3, 3, 1, 1]"
1265,"[2, 2, 2, 2, 2, 1, 1]"
2708,"[1, 1, 1, 1]"
2059,"[2, 2, 0, 2, 2, 1]"
3126,"[3, 3, 3, 0, 0, 0, 0]"
1256,"[2, 0, 0, 0, 0]"
113,"[2, 0, 0, 0, 0, 0]"
3063,"[2, 0, 0, 0, 0, 2, 0, 2]"
774,"[0, 2, 2, 0, 0, 0, 0]"
1102,"[1, 1, 1, 1, 1]"
2503,"[0, 0, 0, 0, 0, 3]"
1799,"[1, 1, 1, 1, 1, 3, 3, 3, 3, 3]"
3018,"[1, 1, 2, 1, 1, 1, 3]"
2709,"[1, 1, 1, 1, 1]"
1484,"[2, 3, 1, 1, 0, 2, 2, 2, 3, 1, 2, 1, 2, 2]"
1250,"[2, 2, 2, 2, 1, 1, 1, 2]"
1938,"[2, 2, 2, 2, 0, 0, 0, 0]"
2177,"[2, 3, 3, 3, 1, 1, 1, 1]"
1525,"[2, 2, 1, 1, 1, 2, 2, 2]"
396,"[3, 3, 3, 1, 1, 1, 1, 3]"
570,"[2, 0, 0, 0, 0, 0, 2, 2, 2, 2]"
1947,"[0, 0, 0, 0, 3, 3, 3]"
776,"[0, 0, 0, 0, 3, 3, 3, 3, 3]"
2992,"[0, 0, 0, 0, 2]"
1797,"[0, 0, 0, 0, 3, 3]"
2188,"[2, 2, 0, 0, 0, 0, 0]"
1647,"[2, 2, 1, 1, 1, 1, 1]"
2058,"[0, 2, 0, 0, 0, 0]"
1953,"[3, 1, 1, 1, 1, 2, 1]"
96,"[0, 3, 3, 0, 3, 3, 0, 2, 2, 2, 0, 3, 3, 3, 0, 2, 2]"
3272,"[2, 1, 3, 1, 1, 2, 1, 3, 1, 2, 2, 0, 2, 2, 2, 1, 3]"
139,"[0, 3, 3, 3, 0, 2, 0, 3, 3, 3, 1, 1]"
377,"[0, 3, 0, 2, 0, 3, 0, 3, 3, 3, 3, 1, 1, 1, 1, 1, 2, 0, 0, 0, 0]"
2951,"[0, 2, 2, 2, 2, 2, 0, 0]"
730,"[2, 2, 2, 2, 2, 0]"
108,"[2, 0, 0, 2, 0, 0, 0]"
2836,"[0, 0, 0, 2, 2, 0]"
1672,"[1, 2, 1, 1, 3, 1]"
1526,"[1, 2, 2, 2, 2]"
1113,"[2, 2, 0, 0, 0, 0, 0, 2, 2, 2]"
666,"[0, 0, 0, 3, 0]"
1418,"[1, 1, 1, 1, 3, 3, 3, 3, 3]"
2617,"[0, 2, 2, 2, 1, 2]"
241,"[1, 2, 2, 2, 2, 2, 1]"
2636,"[2, 2, 2, 2, 2]"
1274,"[2, 0, 2, 2, 2, 2, 1]"
1035,"[2, 2, 2, 2, 0, 0, 0, 0, 0, 3]"
2071,"[2, 0, 2, 2, 2, 2, 1]"
3236,"[3, 3, 3, 3, 3]"
1007,"[0, 3, 3, 0, 3, 3, 0, 3, 0]"
3022,"[2, 2, 0, 0, 0, 0, 0, 1]"
191,"[2, 0, 0, 2, 2, 2, 2, 1, 1, 3]"
1386,"[3, 3, 3, 3, 3, 1, 1, 1]"
605,"[1, 2, 2, 1, 1, 1, 1, 2, 2, 2]"
802,"[1, 3, 3, 1, 3, 3, 3, 1]"
2655,"[1, 3, 3, 3, 3, 1]"
1392,"[1, 3, 3, 3, 1, 1, 1, 1]"
397,"[2, 0, 0, 0, 2, 0]"
1921,"[1, 3, 3, 3, 3, 1]"
1861,"[2, 0, 3, 3, 3, 0, 0, 0, 2, 2, 2]"
2258,"[3, 3, 1, 1, 1, 1, 3, 3, 1]"
425,"[3, 3, 0, 0, 3, 3, 3, 0, 0, 0]"
2149,"[0, 2, 2, 2, 2, 2]"
1009,"[1, 1, 1, 1, 2, 2, 2]"
1099,"[2, 1, 2, 2, 2, 2]"
2861,"[2, 1, 1, 1, 1, 1, 2]"
1067,"[0, 0, 0, 0, 2, 2, 2, 2]"
2964,"[2, 3, 0, 0, 3, 0, 0]"
2426,"[1, 1, 2, 1, 2, 2, 2]"
2913,"[2, 3, 1, 1, 1, 1]"
900,"[1, 3, 3, 3, 3, 0, 0, 0, 0]"
1234,"[2, 3, 3, 0, 0, 0, 0, 0]"
1463,"[0, 0, 1, 2, 2, 2, 2, 2, 1, 1]"
513,"[0, 1, 0, 0, 0, 0]"
461,"[3, 3, 3, 3, 3, 1, 1, 1]"
2770,"[2, 2, 2, 2, 2]"
3085,"[3, 1, 3, 3, 0, 3]"
2190,"[0, 0, 0, 0]"
1871,"[3, 3, 3, 3, 3, 0]"
2060,"[0, 3, 3, 1, 1, 1, 1, 1, 3, 3, 3]"
2288,"[3, 3, 3, 3, 3, 1, 1]"
3137,"[0, 0, 0, 3, 3, 0, 1, 1]"
144,"[2, 2, 1, 1, 1, 1]"
1460,"[3, 3, 3, 3, 3, 1, 1, 1]"
3149,"[3, 3, 3, 0, 3, 3, 1, 1, 1, 1, 1, 2, 0]"
2840,"[0, 3, 3, 3, 3]"
61,"[0, 0, 0, 2, 2, 2, 2]"
3135,"[0, 2, 2, 2, 2, 2, 1, 3]"
3176,"[0, 0, 0, 0, 3]"
900,"[3, 3, 3, 3, 0, 0, 0]"
1541,"[2, 2, 2, 2, 2]"
3147,"[3, 1, 3, 3, 3]"
714,"[1, 1, 1, 3, 3, 3, 1]"
1789,"[0, 0, 0, 0, 3]"
980,"[1, 1, 1, 1, 1, 2]"
1261,"[0, 0, 0, 2, 2, 2, 2, 1, 1, 1]"
1942,"[0, 0, 0, 0, 0, 3, 3, 3, 3]"
1834,"[3, 3, 1, 1, 1, 1, 2]"
2822,"[0, 3, 3, 3, 3, 3, 1, 1, 1]"
3229,"[0, 0, 0, 0, 0, 3, 3]"
1074,"[3, 3, 3, 3, 0]"
2903,"[3, 3, 3, 0, 0, 0, 0, 0]"
877,"[3, 3, 3, 3, 3, 0, 0, 0, 0]"
3125,"[1, 1, 1, 1, 2, 2]"
2556,"[2, 2, 2, 1, 1, 1, 1, 1, 3]"
176,"[2, 2, 2, 2]"
2917,"[1, 0, 0, 0, 0, 0, 1, 2, 2, 1, 2, 2, 0]"
2895,"[2, 2, 2, 2, 1, 1, 1, 1, 1]"
1238,"[3, 3, 3, 3]"
1559,"[2, 2, 2, 2, 2, 0, 0, 0, 0]"
1841,"[2, 0, 0, 0, 0]"
3159,"[2, 2, 2, 2]"
317,"[0, 0, 1, 3, 3, 3, 0, 0, 3]"
2942,"[3, 3, 3, 3, 3, 1, 1, 1, 1]"
1497,"[1, 1, 0, 2, 2, 3, 1, 1, 1, 3, 3]"
2080,"[3, 3, 3, 3, 3, 1, 1, 1]"
2740,"[2, 2, 0, 0, 0, 0]"
2504,"[2, 0, 0, 0, 0, 0, 2, 2, 2]"
1209,"[1, 3, 3, 3, 3, 3, 0]"
2615,"[3, 2, 2, 1, 1, 1, 1, 3, 0, 3, 0, 0, 0, 1, 1, 3, 3, 3, 1, 1, 0, 1, 2, 2, 0, 0, 0, 2, 0, 1, 1, 1]"
1778,"[2, 1, 1, 1, 1, 1]"
2038,"[2, 2, 2, 2, 2, 0, 0, 0, 0, 0, 1, 3, 3]"
1157,"[0, 0, 1, 3, 3, 3, 3, 3]"
2921,"[1, 1, 1, 1, 1]"
639,"[1, 1, 3, 3, 1, 3, 1, 1]"
3205,"[0, 0, 0, 0, 0, 1, 3, 3]"
1116,"[0, 0, 2, 2, 2, 2, 2, 0, 0]"
1228,"[3, 3, 0, 0, 0, 0, 0]"
2995,"[3, 3, 3, 3, 0]"
2170,"[2, 2, 2, 2, 2, 0, 0]"
100,"[1, 1, 2, 2, 2, 2]"
1009,"[1, 1, 1, 1, 2, 2, 2]"
2587,"[0, 0, 0, 0, 2]"
1523,"[0, 0, 0, 3, 3, 3, 3, 3, 2, 1]"
2618,"[2, 2, 2, 1, 2, 2, 0]"
2353,"[1, 0, 2, 2, 1, 1, 3, 1, 3, 1, 1, 3]"
896,"[0, 0, 0, 0, 3, 3, 3]"
1550,"[3, 3, 3, 3, 1]"
961,"[1, 1, 1, 1, 3, 3, 3, 3, 1]"
1397,"[0, 0, 0, 0, 2, 2, 2, 2, 0]"
3240,"[0, 0, 0, 0, 2, 2]"
1983,"[0, 2, 2, 2, 2, 1]"
990,"[0, 0, 0, 0, 0, 2, 2]"
421,"[0, 0, 0, 0, 0]"
2003,"[1, 3, 3, 1, 1, 2, 2, 1]"
2943,"[2, 2, 2, 2, 2]"
985,"[2, 3, 3, 3, 2, 0, 0, 0, 0, 0, 3]"
1391,"[0, 0, 0, 0, 0, 3, 3]"
2245,"[3, 3, 3, 3, 3, 2, 0, 0, 0, 0]"
3104,"[2, 0, 0, 0, 0]"
1781,"[3, 2, 2, 1, 1, 1, 1]"
955,"[0, 2, 2, 2, 2, 2, 1]"
457,"[3, 3, 3, 3, 1, 1, 1, 1, 2, 2, 2]"
206,"[3, 1, 1, 1, 1, 3, 3, 3]"
606,"[0, 2, 2, 2, 2, 1, 1]"
289,"[1, 1, 1, 1, 1, 2]"
3192,"[2, 2, 2, 2, 0]"
961,"[1, 1, 1, 1, 3, 3, 3, 3, 1]"
886,"[1, 3, 3, 3, 3]"
1674,"[3, 3, 0, 0, 0, 3, 3, 3]"
2164,"[0, 0, 0, 2, 2, 2, 0]"
2209,"[3, 3, 3, 3, 1, 1]"
99,"[0, 0, 3, 3, 3, 3, 3]"
1027,"[0, 1, 1, 2, 2, 2, 2, 2]"
1791,"[2, 0, 0, 0, 0]"
108,"[0, 0, 2, 2, 0, 0, 0]"
1852,"[0, 0, 0, 0, 2]"
1541,"[2, 2, 2, 2, 2]"
2262,"[0, 0, 0, 2, 2, 2, 2, 2, 0, 0]"
2965,"[1, 1, 2, 2, 2, 2, 2, 1]"
1344,"[1, 1, 1, 1, 1, 2, 2, 2, 2]"
2550,"[1, 1, 2, 1, 1, 2]"
1893,"[2, 2, 1, 2, 1, 2]"
2748,"[0, 0, 0, 0, 0]"
971,"[2, 2, 2, 2, 2, 0, 0, 0, 0, 0]"
2536,"[1, 2, 2, 2, 2, 3, 0, 0, 0, 2]"
1755,"[1, 1, 1, 1, 1, 0, 2, 2, 2]"
75,"[2, 2, 2, 2, 2, 3, 0, 0, 0, 0, 0]"
2128,"[2, 2, 2, 2, 2, 3, 0, 0, 0]"
1109,"[1, 0, 0, 0, 0, 0, 2, 2, 2, 2, 2, 1, 1, 1, 1, 1]"
2896,"[2, 0, 2, 2, 0, 0, 0, 2]"
3030,"[2, 2, 2, 2, 0, 2, 0, 0, 0]"
2375,"[1, 1, 1, 1, 1, 3, 3, 3]"
1641,"[0, 0, 0, 0, 3, 3, 3, 3, 3]"
3210,"[3, 1, 3, 3, 0, 0, 0, 0, 3, 3]"
2324,"[1, 1, 2, 2, 2, 2, 2]"
1375,"[1, 3, 3, 3, 3, 3, 0, 0, 0, 0, 0]"
399,"[0, 0, 0, 0, 1, 0, 3, 3, 3, 3, 3, 2, 1]"
449,"[3, 0, 0, 0, 0, 0, 3]"
2880,"[3, 3, 3, 3, 0, 0, 0, 0, 0]"
2662,"[0, 0, 2, 2, 2, 3, 0, 0, 0, 3, 3]"
1018,"[3, 3, 3, 3, 1, 1, 1, 1, 1, 2]"
3052,"[1, 1, 1, 1, 1, 0, 2, 2, 2]"
810,"[2, 0, 0, 0, 2, 2, 2, 2]"
2195,"[0, 0, 0, 0, 0]"
1328,"[3, 3, 0, 0, 2, 0, 0, 3, 0]"
1410,"[2, 1, 1, 1, 1, 3]"
2800,"[2, 2, 1, 2, 1, 1, 1, 1]"
2037,"[0, 0, 0, 0, 2, 2, 2, 2]"
1066,"[1, 3, 3, 3, 3, 3]"
2480,"[3, 3, 3, 3]"
438,"[2, 0, 0, 0, 2, 2, 2, 2]"
2069,"[0, 2, 2, 2, 2, 2, 0, 0, 0]"
3148,"[1, 2, 2, 2, 2, 2, 0, 0, 0, 0, 0, 3]"
26,"[3, 0, 0, 0, 0, 0]"
2333,"[3, 0, 0, 3, 3, 3, 1, 1, 1, 1, 3]"
2641,"[2, 1, 1, 1, 1, 1]"
55,"[1, 1, 1, 1, 1]"
1418,"[3, 3, 3, 3, 3, 1, 1, 1, 1]"
2728,"[2, 3, 0, 2, 1, 3, 0, 2, 1, 3, 0, 2, 1, 3, 0, 2, 1, 3, 2, 3, 0, 2, 1, 3, 0, 2, 1, 3, 0, 2, 1, 3, 0, 2, 1, 3, 0, 2, 1, 3, 0, 2, 1, 3, 2, 3, 0, 0]"
3080,"[1, 1, 0, 0, 2, 2, 2, 2]"
2067,"[1, 1, 3, 3, 3, 3, 3]"
513,"[0, 0, 0, 0, 0]"
1626,"[3, 3, 3, 3, 0, 0]"
2435,"[1, 1, 1, 1, 2]"
2089,"[3, 3, 3, 3, 3, 0, 0]"
2069,"[0, 0, 0, 0, 2, 2, 1, 2, 2, 2, 0]"
955,"[1, 2, 2, 2, 2, 2, 0]"
756,"[3, 3, 0, 2, 0, 0, 0, 3]"
2301,"[0, 0, 3, 3, 3, 3]"
931,"[2, 2, 2, 1, 1, 1, 1, 2]"
1223,"[2, 2, 2, 2, 0]"
730,"[2, 2, 2, 2, 2, 0]"
1011,"[3, 3, 0, 3, 3, 3, 1]"
2437,"[1, 1, 1, 2, 2, 2, 2, 2]"
650,"[0, 0, 2, 2, 2, 2]"
1945,"[1, 1, 1, 1, 2, 2, 2, 2, 2]"
111,"[2, 2, 2, 2, 0, 0, 0]"
1608,"[2, 2, 2, 2, 0, 0, 0, 0, 3]"
2589,"[2, 2, 2, 2, 2, 1, 1, 1, 1]"
704,"[1, 3, 3, 3, 3, 3]"
1793,"[2, 2, 2, 2]"
2028,"[2, 2, 0, 0, 0, 0, 0]"
662,"[0, 0, 0, 3, 3, 3, 3]"
1874,"[0, 0, 0, 0, 0, 2, 2, 2]"
355,"[0, 2, 2, 2, 2, 2]"
1219,"[0, 2, 2, 2, 2, 0]"
2251,"[2, 2, 1, 1, 2, 2, 0, 2]"
1049,"[1, 3, 3, 3, 3, 3, 1]"
1123,"[0, 0, 0, 2, 2, 2, 2, 0]"
1996,"[3, 3, 0, 0, 0, 0, 0]"
1634,"[3, 3, 3, 3, 1]"
761,"[0, 2, 2, 0, 0, 0, 0, 1, 3, 3, 3, 3]"
2104,"[3, 3, 3, 1, 1, 1, 1]"
3136,"[1, 1, 1, 1, 1, 3, 3]"
236,"[0, 0, 0, 0, 0]"
2430,"[1, 1, 1, 1, 2, 2]"
1539,"[3, 3, 3, 3, 3, 0, 0]"
2025,"[3, 3, 3, 0, 0, 0, 0]"
1837,"[3, 1, 1, 1, 1]"
1971,"[1, 1, 1, 3, 3, 3, 3, 1]"
706,"[3, 3, 1, 1, 1, 1]"
1404,"[3, 3, 0, 3, 3, 0, 0, 0]"
2535,"[1, 2, 2, 2, 2, 1, 2]"
537,"[1, 2, 1, 1, 1, 1, 2, 2, 2, 2]"
1,"[1, 1, 1, 2, 2, 2, 1, 1]"
2471,"[2, 2, 3, 0, 0, 0, 3, 3, 3, 3, 0]"
1394,"[0, 1, 1, 1, 3, 3, 3, 3]"
1119,"[3, 3, 3, 2, 0, 0, 0, 0]"
2866,"[1, 1, 1, 1, 3, 3, 3, 3]"
2836,"[2, 2, 2, 2, 0, 0, 0, 0, 3, 3, 1]"
2084,"[1, 0, 3, 3, 0, 3, 3, 0]"
677,"[1, 1, 3, 3, 1, 1, 2, 2, 2, 2, 1]"
100,"[1, 1, 2, 2, 2, 2, 1]"
1228,"[0, 0, 0, 0, 3, 3, 0]"
495,"[2, 0, 2, 2, 2, 2]"
3005,"[0, 3, 3, 3, 3, 3, 0, 0, 0]"
2877,"[1, 1, 1, 1, 3, 3, 3, 1]"
3183,"[1, 1, 1, 1, 2, 2, 2, 2, 2, 1]"
1401,"[1, 1, 2, 1, 1, 1, 2, 2, 2, 2]"
2050,"[0, 0, 0, 0, 0, 3, 3]"
2236,"[1, 0, 2, 2, 2, 2, 0, 0]"
1895,"[2, 2, 2, 2, 2, 3, 0, 0, 0]"
2707,"[0, 0, 0, 0, 3, 3, 3]"
693,"[1, 3, 1, 3, 1, 1, 1]"
2081,"[2, 1, 1, 1, 1, 1]"
2349,"[1, 1, 1, 1, 3, 3]"
421,"[0, 0, 0, 0]"
3100,"[1, 1, 2, 2, 2, 0, 0, 0, 2]"
1592,"[2, 1, 1, 1, 1, 1, 2, 2, 2, 2]"
1480,"[2, 2, 2, 2, 2, 0, 0, 0, 0, 0, 3]"
388,"[0, 3, 3, 3, 3, 3]"
1412,"[1, 1, 3, 3, 3, 3]"
2893,"[3, 3, 3, 3, 3, 2, 1]"
2034,"[1, 3, 3, 3, 3, 3, 1]"
1341,"[2, 3, 2, 1, 1, 1, 1, 1, 2, 2]"
1395,"[3, 3, 0, 0, 0, 0, 0]"
408,"[2, 2, 1, 1, 1, 1, 3, 3]"
686,"[0, 0, 0, 0, 0, 2, 2, 2, 2]"
1193,"[2, 2, 2, 1, 1, 1, 1]"
1391,"[2, 0, 0, 0, 0, 0, 3, 3, 3]"
1347,"[2, 2, 2, 2, 2]"
1285,"[2, 2, 2, 0, 0, 0, 0]"
2455,"[3, 3, 3, 3, 3, 0]"
2067,"[1, 1, 3, 3, 3, 3, 3]"
2077,"[2, 2, 2, 2, 0, 0, 0, 0, 2, 0]"
724,"[3, 3, 3, 3, 3, 1]"
2736,"[1, 1, 1, 2, 2, 1, 1, 2, 2, 2]"
670,"[3, 3, 3, 3, 3, 0, 0]"
81,"[1, 1, 1, 2, 2, 2, 2, 1, 2]"
987,"[1, 1, 1, 1, 2, 2]"
2499,"[1, 1, 1, 1]"
1596,"[3, 1, 1, 1, 1, 1]"
3233,"[1, 1, 1, 1, 1, 2, 2, 2, 2]"
2197,"[2, 2, 1, 1, 1, 1, 1, 3]"
2041,"[2, 2, 2, 2, 2, 1, 1, 1]"
109,"[2, 2, 2, 2]"
2710,"[0, 2, 2, 0, 0, 0]"
761,"[0, 2, 2, 0, 0, 0, 3, 3, 3, 3]"
2637,"[2, 2, 0, 0, 0, 0]"
33,"[0, 0, 0, 0, 0, 1, 3, 3, 3]"
1762,"[2, 2, 2, 0, 2, 2]"
286,"[1, 0, 0, 0, 3, 3, 3, 3, 3]"
310,"[2, 1, 1, 1, 1, 1]"
1407,"[0, 3, 3, 3, 3, 1, 1, 1, 1, 1, 3]"
3081,"[2, 2, 2, 2, 1, 1, 1, 1, 2]"
666,"[3, 0, 0, 0, 0]"
321,"[3, 3, 1, 1, 1, 3, 3]"
284,"[0, 0, 0, 0, 0]"
3244,"[1, 1, 1, 1, 0]"
504,"[2, 2, 2, 2, 2, 0]"
626,"[3, 3, 3, 3]"
918,"[1, 1, 1, 1, 3, 3, 3, 3]"
993,"[1, 1, 1, 1, 1]"
569,"[2, 2, 2, 0, 2]"
1038,"[0, 3, 3, 3, 3, 3, 1, 1, 1]"
1078,"[3, 0, 0, 0, 0]"
2543,"[1, 1, 1, 1, 2, 2]"
2891,"[1, 2, 2, 2, 2, 2, 1]"
591,"[1, 1, 1, 1, 1, 3]"
2387,"[2, 2, 2, 1, 1, 3, 1, 1, 3]"
2674,"[1, 1, 1, 1, 1, 2, 2, 2, 2, 2]"
738,"[0, 0, 1, 3, 3, 3, 0, 0, 0, 0, 3, 3]"
2788,"[0, 0, 0, 0, 0, 1, 0, 1]"
1100,"[1, 2, 2, 2, 0, 0, 0, 0, 2]"
2201,"[0, 0, 2, 2, 2, 0, 0, 0]"
732,"[0, 0, 1, 3, 3, 3, 3, 3, 1]"
524,"[0, 0, 0, 0, 2]"
2096,"[0, 0, 0, 0, 0, 2, 2, 2]"
1419,"[0, 3, 3, 3, 3, 3]"
2512,"[0, 0, 0, 0, 0]"
2858,"[3, 1, 1, 3, 3, 3]"
2049,"[1, 3, 3, 3, 3]"
1857,"[1, 3, 3, 3, 3, 3, 1]"
882,"[1, 1, 1, 1, 1, 2, 2, 2, 2, 2, 3]"
1477,"[1, 1, 1, 1, 1, 3, 3, 3, 3, 3, 2]"
2039,"[1, 1, 2, 2, 2, 2]"
320,"[1, 1, 2, 1, 1, 3]"
250,"[3, 0, 0, 0, 0]"
658,"[3, 3, 1, 1, 1, 1, 1, 3, 2, 2, 2]"
3150,"[1, 1, 3, 3, 3, 3, 3]"
2134,"[2, 2, 2, 2, 2, 0, 0, 0, 0, 0, 1]"
2579,"[2, 2, 2, 0, 0, 0, 0, 0]"
2715,"[0, 0, 0, 0, 0, 2, 2, 2, 2]"
1501,"[2, 0, 0, 0, 3, 0, 0, 3, 3, 3, 3, 1, 2]"
1596,"[3, 1, 1, 1, 1, 1]"
2156,"[1, 1, 1, 1, 1, 2]"
2607,"[1, 1, 3, 3, 3, 3, 0]"
131,"[1, 1, 1, 1, 1, 3, 3, 3, 3, 0, 3]"
1392,"[3, 3, 1, 1, 1, 1, 3]"
2297,"[2, 2, 2, 2, 2]"
1425,"[0, 0, 0, 0, 0, 1, 2]"
3222,"[0, 0, 0, 0, 0, 3]"
2811,"[3, 3, 3, 3, 2, 0, 0, 3]"
2382,"[0, 0, 0, 0, 3]"
3038,"[0, 0, 2, 2, 2, 2, 0]"
604,"[2, 1, 1, 1, 2, 1, 1, 2, 2, 2]"
3270,"[0, 0, 0, 0, 3, 3, 3, 3, 0]"
1325,"[1, 1, 3, 3, 3, 3, 3, 0, 0, 2]"
3198,"[3, 3, 3, 3, 3, 0, 0, 0, 0]"
1756,"[0, 0, 3, 3, 3, 3, 3, 0]"
839,"[0, 0, 3, 3, 3, 3, 3]"
1187,"[3, 3, 3, 3, 0, 0, 0, 0]"
193,"[1, 2, 2, 2, 2, 0]"
1266,"[2, 2, 2, 2, 0, 0, 0, 0, 0]"
2464,"[0, 3, 3, 3, 3, 3, 0]"
3108,"[3, 3, 3, 3, 3, 0, 0]"
2387,"[2, 2, 2, 1, 1, 3, 1, 3, 1]"
3160,"[3, 0, 0, 0, 0]"
118,"[3, 1, 1, 1, 1, 1]"
1631,"[2, 2, 2, 0, 0, 0, 2, 0]"
2225,"[3, 3, 3, 3, 3]"
3176,"[0, 0, 0, 0, 3]"
90,"[2, 1, 1, 1, 2, 2, 1]"
1202,"[1, 1, 1, 1]"
1258,"[1, 2, 1, 1, 1, 3, 3]"
363,"[3, 3, 0, 0, 2, 2, 2, 0, 0, 3]"
810,"[2, 0, 0, 0, 2, 2, 2, 2]"
1516,"[2, 2, 2, 2, 0, 0]"
1163,"[3, 3, 0, 0, 0, 0, 3, 3, 0]"
2167,"[0, 0, 1, 1, 1, 2, 2, 2, 2]"
906,"[0, 0, 0, 0, 0]"
2656,"[2, 2, 2, 2, 1, 1, 1]"
3245,"[0, 0, 0, 0, 0, 3, 3, 3, 1]"
1813,"[3, 3, 3, 3]"
1197,"[0, 1, 1, 1, 1, 2, 2, 2, 2, 2]"
2807,"[2, 2, 2, 2, 2, 1, 1]"
2650,"[2, 1, 1, 2, 1, 1, 2]"
1544,"[3, 3, 1, 1, 1, 1, 3]"
502,"[1, 1, 1, 3, 3, 3, 3, 3]"
2139,"[3, 0, 0, 0, 0, 3, 3]"
3094,"[1, 3, 3, 3, 3, 3, 0]"
1891,"[2, 0, 0, 0, 0, 0]"
1130,"[0, 0, 0, 0, 3, 3]"
357,"[2, 2, 1, 1, 1, 1, 1]"
2686,"[1, 1, 2, 2, 2, 2, 2]"
2317,"[3, 1, 1, 1, 1, 3, 3, 3, 3, 1]"
2193,"[1, 3, 3, 3, 3, 3]"
1644,"[1, 1, 3, 3, 3, 3]"
1964,"[0, 3, 3, 3, 3, 3, 1]"
1654,"[0, 0, 0, 0, 2]"
3187,"[3, 3, 3, 2, 1, 1, 1, 1]"
2420,"[1, 3, 3, 3, 3, 3, 1]"
1550,"[1, 3, 3, 3, 3]"
567,"[1, 1, 1, 1]"
2587,"[0, 0, 0, 0, 2]"
548,"[0, 0, 0, 0, 3]"
825,"[1, 1, 1, 1, 1, 2, 2, 2, 2]"
2147,"[1, 1, 3, 3, 3, 3, 3, 1, 1]"
3037,"[1, 2, 2, 2, 1, 1, 1, 2]"
1040,"[0, 3, 3, 3, 3, 3]"
267,"[1, 1, 3, 1, 1, 1, 3, 3]"
1143,"[0, 2, 2, 2, 2, 2, 0, 0, 0, 0]"
237,"[0, 0, 0, 0, 0, 3, 3]"
1022,"[0, 0, 3, 0, 0, 0, 3, 3]"
195,"[0, 0, 0, 0]"
2506,"[0, 3, 0, 3, 3, 3, 3]"
1454,"[1, 1, 3, 3, 3, 3, 0, 0, 0, 0]"
1181,"[1, 1, 1, 1, 1, 2, 2, 2, 2]"
699,"[2, 2, 2, 2, 2]"
785,"[3, 1, 1, 3, 3, 3]"
3146,"[0, 2, 0, 0, 0, 0, 3, 3]"
263,"[1, 1, 1, 3, 3, 3, 3, 0, 0]"
136,"[3, 3, 0, 0, 0, 0, 3, 3, 3]"
2585,"[0, 2, 2, 0, 0, 0, 2, 0]"
148,"[3, 3, 1, 1, 1, 3, 3, 3]"
1534,"[1, 1, 2, 2, 2, 2]"
832,"[1, 1, 1, 0, 2, 2, 2, 2, 1, 1]"
1913,"[3, 3, 0, 0, 3, 0, 0, 0]"
1993,"[1, 3, 3, 3, 3]"
2371,"[1, 1, 1, 1]"
1052,"[1, 1, 2, 1, 1, 2, 2, 2]"
3087,"[1, 1, 1, 1]"
1716,"[2, 1, 1, 1, 1, 2, 2]"
377,"[0, 0, 0, 0, 3, 3, 3, 3, 1]"
1904,"[0, 2, 2, 2, 2]"
2623,"[1, 1, 1, 1, 2, 2]"
221,"[1, 1, 1, 1, 2, 2, 2, 2]"
2443,"[3, 1, 1, 1, 1, 1]"
2842,"[0, 3, 3, 0, 3, 3]"
1511,"[2, 2, 2, 2]"
3177,"[1, 0, 3, 3, 3, 3, 0]"
2332,"[0, 2, 2, 0, 0, 0, 2, 0]"
2414,"[0, 0, 0, 0]"
1655,"[2, 2, 2, 2, 2, 1]"
519,"[0, 0, 0, 0, 0, 2, 2]"
2116,"[3, 3, 3, 3, 0]"
2242,"[3, 3, 3, 3, 3]"
1097,"[0, 0, 0, 0, 0, 2, 2, 2, 2]"
2323,"[3, 1, 1, 1, 3, 1, 3, 3, 3]"
3208,"[1, 1, 1, 1, 2, 2, 2, 2]"
882,"[1, 1, 1, 1, 1, 2, 2, 2, 2]"
992,"[0, 0, 0, 0, 0, 3]"
3205,"[0, 0, 0, 0, 3, 3]"
1193,"[1, 1, 1, 1, 2, 2, 2]"
1568,"[0, 2, 2, 2, 2, 1]"
1450,"[2, 2, 1, 1, 1, 1, 1, 3, 3, 3, 3, 3]"
1358,"[3, 3, 3, 3, 1, 1, 1, 1, 2, 2, 1]"
2746,"[0, 3, 3, 3, 3, 3]"
1373,"[3, 0, 0, 0, 0, 2, 2, 2, 2, 2]"
539,"[0, 0, 0, 0, 0, 2, 2, 2]"
1089,"[3, 3, 0, 0, 0, 0, 0]"
1817,"[2, 2, 2, 2, 1]"
1010,"[0, 0, 3, 3, 3, 3, 3]"
2701,"[0, 0, 1, 1, 2, 2, 2, 2, 2, 0, 0, 0, 0, 0]"
278,"[0, 3, 3, 3, 3, 1, 1]"
1142,"[2, 1, 1, 1, 1, 1, 2, 2, 2, 2]"
149,"[1, 1, 1, 1, 1]"
2512,"[0, 0, 0, 0, 0]"
1043,"[0, 0, 3, 3, 3, 3]"
957,"[0, 0, 0, 0, 3, 3, 3, 3, 3]"
2019,"[1, 1, 1, 1, 3, 3, 3, 1]"
2818,"[2, 2, 2, 2]"
1320,"[1, 1, 1, 1]"
3221,"[3, 1, 1, 1, 1]"
3269,"[0, 0, 0, 0, 0]"
2740,"[2, 2, 0, 0, 0, 0]"
345,"[2, 1, 2, 2, 2, 2, 0, 0]"
1692,"[3, 3, 3, 1, 1, 1, 1, 1]"
2305,"[1, 1, 1, 1, 3, 3, 3, 3, 1]"
2034,"[1, 3, 3, 3, 3, 3, 1]"
1698,"[3, 3, 3, 0, 0, 3, 3]"
1965,"[3, 3, 0, 3, 3, 3]"
79,"[3, 3, 1, 1, 1, 1]"
2553,"[2, 2, 1, 1, 1, 1, 1]"
1975,"[1, 1, 0, 3, 3, 3, 3, 3, 2, 2, 2, 2, 2, 1, 1, 1, 1, 3, 3, 3, 3, 3, 2, 2]"
517,"[0, 0, 0, 0, 0, 2, 2, 3, 3, 1, 1, 2, 2, 2, 2, 0, 0]"
2836,"[0, 0, 0, 2, 2, 0]"
1662,"[1, 1, 3, 3, 3, 3, 3, 2, 1, 1, 3, 1]"
1679,"[0, 0, 0, 0]"
1777,"[0, 2, 2, 2, 2, 2, 3, 1, 2]"
2489,"[1, 1, 2, 0, 2, 2, 0, 2, 1, 0, 0]"
1471,"[2, 0, 0, 0, 2, 0]"
1807,"[3, 3, 3, 3, 3, 0, 0, 0]"
144,"[2, 2, 1, 1, 1, 1, 1]"
2470,"[3, 3, 1, 1, 1, 1, 1, 2, 2]"
2666,"[2, 1, 1, 1, 1, 3]"
2990,"[2, 2, 0, 0, 0, 0, 0]"
1461,"[3, 3, 3, 3, 3, 1, 2]"
256,"[0, 0, 2, 2, 2, 1, 1, 2, 0, 0]"
105,"[3, 0, 0, 0, 0, 0, 2]"
680,"[3, 3, 1, 1, 1, 1]"
1290,"[1, 1, 3, 3, 3, 2, 2, 2, 3, 0, 0, 0, 0, 3, 3, 1, 1, 3, 3, 1, 1]"
1946,"[3, 3, 3, 3]"
1167,"[0, 0, 0, 0, 0]"
1057,"[2, 2, 2, 0, 0, 0, 0, 2, 2]"
1907,"[3, 3, 1, 3, 3]"
2398,"[0, 2, 2, 2, 2, 2, 1, 1, 1, 3]"
1118,"[0, 3, 3, 3, 3, 3]"
2435,"[1, 1, 1, 1, 2]"
1200,"[0, 0, 0, 3, 3, 0, 3, 3]"
1370,"[0, 2, 2, 2, 2, 2]"
1573,"[3, 0, 0, 2, 0, 0, 0, 3]"
1658,"[0, 0, 0, 0, 3, 3, 0, 3, 3, 1, 1, 1, 1, 1]"
2263,"[0, 0, 0, 0, 0]"
1126,"[2, 2, 1, 1, 1, 1, 3]"
1434,"[2, 1, 1, 1, 1, 1, 3, 3]"
1379,"[0, 3, 3, 3, 0, 0, 0, 0, 2, 2, 2]"
1129,"[2, 2, 0, 0, 0, 0]"
2126,"[3, 3, 3, 3, 3, 2, 0, 0, 0]"
876,"[3, 3, 3, 3, 3, 0, 0, 0, 0, 0]"
3263,"[2, 1, 1, 1, 1, 3]"
2316,"[3, 0, 0, 0, 0, 0, 3, 3, 3]"
2475,"[2, 2, 2, 2, 0, 0, 2]"
2313,"[3, 3, 0, 0, 3, 3, 3, 0, 0]"
2140,"[2, 2, 1, 1, 1, 1]"
821,"[1, 1, 1, 1, 1]"
291,"[1, 1, 1, 1, 1, 0, 2, 2, 2, 2, 2, 1]"
353,"[2, 2, 1, 1, 1, 2, 1]"
1186,"[1, 3, 1, 1, 1, 1]"
436,"[2, 2, 2, 1, 3, 1, 1, 1, 1, 3, 0, 3, 3, 1]"
2322,"[2, 0, 0, 0, 3, 0]"
2847,"[3, 1, 1, 2, 1, 1, 1, 3]"
3193,"[3, 3, 3, 3, 3, 2, 1, 1, 1, 1, 1]"
852,"[0, 0, 0, 0, 0, 3, 3, 3, 3, 3, 1, 1, 1, 1, 2]"
1455,"[3, 1, 3, 3, 3, 1, 1]"
181,"[2, 2, 2, 0, 2, 2, 1]"
1703,"[2, 2, 2, 2, 2, 1, 1, 1, 1, 1, 3]"
444,"[2, 1, 1, 1, 1, 1]"
2733,"[1, 1, 1, 1, 1]"
1760,"[3, 1, 1, 1, 1, 2]"
1404,"[0, 0, 3, 0, 0, 0, 3, 3, 3, 1, 2]"
1877,"[0, 0, 0, 0, 0, 2, 1]"
2526,"[3, 3, 3, 3, 0, 0, 0, 0]"
3242,"[1, 1, 1, 1, 1]"
3079,"[1, 1, 0, 1, 1, 1, 2, 2, 2, 2, 2]"
2188,"[0, 0, 0, 0, 0, 2, 2]"
2443,"[3, 1, 1, 1, 1, 1]"
2458,"[3, 3, 1, 3, 3, 3]"
2869,"[2, 2, 2, 2, 0, 0, 0]"
2842,"[3, 3, 0, 0, 3, 3]"
2582,"[0, 0, 0, 0, 3, 3, 3, 3]"
773,"[1, 1, 1, 1, 1, 3]"
166,"[1, 1, 1, 1]"
1007,"[0, 0, 0, 3, 3, 3, 3, 3, 0]"
2140,"[1, 1, 1, 1, 2, 2]"
2569,"[3, 3, 3, 3, 1, 1, 1, 1, 3]"
2967,"[3, 3, 3, 3, 0, 0]"
3143,"[3, 3, 3, 3, 3, 0]"
1998,"[0, 2, 2, 2, 2, 2]"
685,"[2, 0, 0, 0, 0, 0, 3, 3]"
90,"[2, 1, 1, 1, 2, 2, 1]"
318,"[1, 1, 1, 1, 2, 2, 2, 2, 2, 0, 0, 0, 0, 1]"
2492,"[2, 1, 1, 1, 1, 1, 0, 2, 2, 2]"
2459,"[0, 0, 3, 0, 0, 0, 3]"
1191,"[2, 2, 2, 2, 2, 1, 1, 1, 1, 1]"
904,"[2, 2, 2, 2, 2, 0]"
2623,"[1, 1, 1, 1, 2, 2]"
2592,"[2, 2, 2, 2, 0, 0, 0, 2]"
1451,"[1, 1, 3, 3, 3, 3, 3]"
747,"[2, 2, 2, 0, 0, 2]"
3179,"[3, 1, 1, 1, 3, 3, 3]"
2004,"[1, 1, 1, 1, 3, 3, 1]"
1692,"[3, 3, 3, 3, 2, 1, 1, 1, 1, 1]"
2001,"[1, 1, 1, 1, 2, 2]"
3233,"[1, 1, 1, 1, 1, 2, 2, 2]"
2435,"[1, 1, 1, 1, 2]"
2268,"[0, 0, 0, 3, 3, 3, 3, 3]"
2466,"[1, 1, 1, 1, 2, 2, 1]"
2026,"[2, 2, 2, 2, 1, 1, 1]"
96,"[0, 3, 3, 0, 0, 0, 0]"
2925,"[2, 2, 2, 0, 0, 0, 0, 0]"
1003,"[1, 1, 3, 3, 3, 3, 3, 0, 0]"
1801,"[1, 3, 3, 0, 3, 3, 1]"
635,"[3, 3, 0, 0, 0, 0]"
3178,"[2, 2, 0, 0, 0, 0, 2, 2]"
1006,"[3, 1, 1, 1, 1, 2]"
526,"[0, 2, 2, 2, 2]"
990,"[0, 0, 2, 0, 2, 0, 0]"
2558,"[3, 1, 2, 1, 2, 1, 1]"
2962,"[2, 1, 2, 1, 2, 1, 2, 1, 2, 1]"
2034,"[1, 3, 3, 3, 3, 3, 1]"
1635,"[2, 2, 2, 2, 2, 1, 1]"
405,"[1, 2, 1, 1, 2, 1, 1, 2]"
363,"[3, 3, 0, 0, 2, 2, 2, 0, 0, 3]"
2886,"[1, 1, 1, 1, 1, 3, 3]"
1513,"[3, 3, 3, 3, 1]"
3076,"[3, 2, 0, 0, 0, 2, 0]"
2359,"[3, 3, 3, 3, 1]"
2348,"[1, 1, 1, 1, 2]"
26,"[0, 0, 0, 0, 0, 3]"
317,"[0, 3, 3, 3, 0, 0, 3]"
2696,"[3, 1, 1, 1, 1]"
692,"[3, 0, 3, 0, 3, 3, 1]"
1997,"[1, 3, 3, 3, 3, 3, 0, 0, 0, 2]"
3148,"[2, 2, 2, 1, 2, 2, 0, 0, 0, 0, 0, 3]"
2923,"[1, 3, 3, 3, 3, 3]"
1618,"[3, 2, 2, 0, 0, 0, 0, 0]"
704,"[1, 3, 3, 3, 3, 3]"
2853,"[2, 0, 0, 0, 0]"
2444,"[1, 1, 1, 1, 1, 3]"
2141,"[2, 2, 2, 0, 0, 0, 0]"
334,"[3, 3, 0, 0, 0, 0, 0]"
1451,"[1, 1, 3, 3, 3, 3, 3]"
1725,"[0, 0, 0, 0]"
1059,"[1, 1, 1, 1, 1, 2, 2, 2, 2, 2]"
1436,"[3, 0, 0, 2, 0, 0, 0, 3]"
2929,"[2, 1, 1, 1, 1, 2]"
1770,"[0, 1, 1, 2, 2, 2, 2]"
199,"[0, 1, 2, 2, 2, 2, 0, 0]"
432,"[3, 1, 1, 1, 1, 3, 3, 3, 3]"
965,"[3, 3, 3, 3, 1]"
1037,"[2, 0, 2, 2, 1, 1, 2, 2, 0, 0, 0]"
1657,"[1, 0, 0, 0, 2, 2, 2, 2, 2]"
2596,"[2, 2, 2, 2, 2]"
2400,"[3, 3, 3, 3, 0]"
184,"[3, 3, 3, 3, 3]"
3150,"[3, 3, 3, 3, 3, 1, 1]"
1973,"[3, 2, 1, 1, 1, 3, 1]"
13,"[2, 2, 2, 0, 0, 2, 2]"
1136,"[2, 2, 2, 2, 0, 0, 3, 0, 0, 2, 2, 1]"
1916,"[3, 2, 1, 1, 2, 2, 1, 1, 1, 3, 3, 3]"
1367,"[3, 3, 0, 0, 0, 2, 0]"
1106,"[3, 0, 0, 3, 3, 3, 3, 1, 1]"
3058,"[1, 1, 1, 1, 1, 2, 2, 2, 2, 3, 3, 0, 0, 0, 2, 2, 2, 0, 0]"
2119,"[1, 1, 1, 2, 2, 3, 3, 0, 0, 2, 0, 3, 1, 1, 1, 2, 2, 1, 1, 2, 2, 2, 3, 3]"
998,"[1, 2, 2, 1, 2, 1, 1, 1, 0, 3, 1, 2, 2, 3, 3, 3, 2, 0, 2, 2, 0]"
3057,"[3, 3, 3, 3, 1, 1, 1, 1, 1, 2, 2, 2]"
1104,"[3, 0, 0, 0, 0, 3]"
3145,"[2, 3, 2, 1, 1, 1, 1, 1, 3]"
1906,"[3, 3, 0, 3, 3, 0, 0]"
593,"[3, 3, 3, 3, 3, 2, 1, 1, 1, 1, 1]"
238,"[1, 2, 2, 2, 2, 1]"
2123,"[0, 3, 0, 3, 3, 3, 3]"
2649,"[0, 0, 0, 0, 3, 3, 0]"
2090,"[3, 0, 0, 0, 0, 0, 3]"
1735,"[2, 2, 2, 2, 3, 3, 1, 1, 1, 1, 3]"
2781,"[2, 2, 0, 0, 0, 0, 0]"
2823,"[3, 3, 2, 1, 1, 1, 1, 1, 2]"
2803,"[1, 1, 1, 1, 1, 3, 3]"
740,"[1, 1, 1, 2, 2, 2, 2]"
2466,"[1, 1, 1, 2, 1, 2, 1]"
450,"[0, 3, 0, 0, 0]"
2449,"[3, 3, 3, 3]"
1067,"[0, 0, 0, 0, 2, 2, 2, 2]"
1635,"[2, 2, 2, 2, 2, 1, 1]"
253,"[3, 3, 3, 3, 1, 1, 1, 1]"
785,"[1, 1, 3, 3, 3, 3]"
1866,"[0, 0, 0, 0, 0, 2, 2]"
2789,"[1, 1, 1, 1, 1, 2]"
1129,"[2, 2, 0, 0, 0, 0]"
958,"[0, 0, 0, 0, 3, 3]"
2290,"[0, 0, 0, 0]"
2158,"[0, 0, 0, 0, 3, 3]"
937,"[3, 3, 3, 3, 3, 1, 1]"
2211,"[2, 2, 2, 2, 2, 0]"
960,"[1, 1, 1, 1, 1, 0, 3, 3, 3, 3, 3, 0]"
1698,"[0, 0, 0, 3, 3, 3, 3, 3, 1]"
316,"[1, 2, 2, 2, 2, 2, 1]"
2631,"[2, 2, 2, 2, 2, 3, 0, 0, 2, 0, 0, 0, 3]"
2565,"[3, 2, 3, 1, 1, 1, 3, 3, 1]"
1654,"[2, 0, 0, 0, 0, 0]"
1135,"[2, 2, 2, 2, 2, 0, 0, 0, 0]"
2802,"[1, 1, 1, 1, 1]"
2348,"[1, 1, 1, 1, 1, 2, 0]"
2298,"[0, 0, 0, 0, 2, 2, 2, 2, 2, 1, 1, 1, 1, 1]"
3228,"[2, 2, 2, 2, 2, 3, 0, 0, 0, 0, 0]"
932,"[0, 0, 0, 3, 3, 3, 3, 1, 1, 1, 1, 1]"
1511,"[2, 2, 2, 2, 2]"
1480,"[2, 0, 0, 0, 0, 0, 2, 2, 2]"
978,"[1, 1, 1, 1, 1, 3, 3, 3, 3, 3]"
2047,"[2, 2, 2, 2, 1]"
389,"[0, 3, 3, 3, 0, 0, 3]"
941,"[1, 3, 3, 3, 1, 1, 3, 3]"
2539,"[2, 2, 2, 2, 2]"
2228,"[3, 3, 0, 0, 3, 3, 3, 1, 1]"
1721,"[2, 2, 2, 2, 2, 0]"
1745,"[2, 0, 0, 0, 0]"
813,"[2, 1, 1, 1, 1]"
1958,"[0, 3, 3, 3, 3, 3]"
1887,"[1, 1, 1, 3, 3, 3, 3, 1, 1]"
2940,"[1, 1, 3, 3, 3, 3, 3, 1, 1]"
3102,"[0, 0, 0, 2, 2, 2, 2, 1]"
1545,"[3, 3, 1, 1, 1, 1, 3, 3]"
1133,"[2, 0, 2, 0, 2, 2, 1, 1, 0, 2, 0, 3, 1, 1, 1]"
3042,"[3, 3, 3, 3, 3, 1, 1]"
2433,"[1, 2, 2, 2, 2]"
2703,"[3, 3, 3, 1, 1, 1, 3, 3]"
1666,"[3, 1, 1, 1, 1, 1, 3, 3]"
729,"[1, 1, 1, 1, 1, 2, 2, 2, 0]"
854,"[0, 2, 2, 2, 1, 1, 1, 1, 2, 2]"
2754,"[1, 1, 1, 1, 3]"
740,"[1, 1, 1, 2, 2, 2, 2, 2, 3]"
1005,"[3, 3, 3, 3, 1, 1, 1, 1]"
3231,"[2, 2, 0, 0, 0, 0, 0]"
834,"[3, 3, 3, 3, 3]"
1897,"[2, 2, 2, 2, 1, 1, 2]"
1836,"[2, 0, 0, 0, 0, 2]"
2543,"[1, 1, 1, 1, 2, 2]"
315,"[1, 1, 1, 1, 1, 3, 3, 3, 3, 3]"
3055,"[1, 1, 1, 3, 3, 3, 3, 3]"
1127,"[3, 3, 3, 3, 0, 0, 0, 0, 3]"
2207,"[1, 1, 1, 1, 1]"
1948,"[2, 2, 1, 1, 1, 1, 1, 3, 3, 3, 3]"
1816,"[0, 0, 0, 0, 0, 1, 1, 0, 0, 2, 2, 2]"
343,"[0, 0, 0, 0, 2, 2, 2, 2]"
2036,"[0, 0, 0, 0]"
2007,"[0, 0, 0, 0, 2, 2, 2, 2, 1]"
2311,"[1, 1, 1, 1, 1]"
2942,"[3, 1, 1, 1, 0, 0, 3, 3, 3, 3, 1]"
2534,"[0, 0, 0, 0, 1, 1, 1, 0, 0, 0, 0, 1, 2, 2, 2]"
2636,"[2, 2, 2, 2, 2]"
544,"[1, 3, 1, 3, 3, 3, 3, 0, 0, 0, 0, 0]"
1898,"[2, 2, 2, 2, 1, 1, 1, 1, 1]"
2317,"[3, 1, 1, 1, 1, 3, 3, 3, 3, 1]"
294,"[0, 0, 0, 0, 3]"
3165,"[3, 3, 3, 3, 1]"
2438,"[0, 2, 2, 2, 2, 0, 0]"
1484,"[1, 2, 2, 2, 2, 2, 1, 1]"
1026,"[2, 3, 3, 0, 0, 0, 0, 0]"
1235,"[3, 3, 3, 1, 1, 1, 1, 1, 0]"
3054,"[0, 0, 0, 0, 0, 2, 2, 2, 2, 2]"
3093,"[2, 0, 0, 0, 0, 3, 3]"
2698,"[2, 1, 1, 1, 1, 1]"
151,"[1, 1, 1, 2, 2, 2, 2, 0, 0, 0, 0]"
2657,"[1, 1, 1, 1, 3, 3, 3, 3, 3, 1]"
746,"[1, 1, 0, 0, 0, 0, 2, 2, 2, 2, 2]"
676,"[1, 1, 3, 3, 1, 1, 1, 0, 2, 2, 2, 2]"
473,"[3, 1, 1, 3, 1, 1, 1, 3]"
2162,"[0, 0, 2, 2, 2, 2, 0, 0, 2]"
3106,"[0, 0, 0, 0, 0]"
3265,"[1, 1, 1, 2, 1, 1, 2, 2, 2, 2, 3]"
2892,"[0, 0, 0, 0, 0, 2, 2]"
2951,"[2, 2, 2, 2, 2, 0, 0, 0]"
1795,"[0, 3, 0, 0, 3, 0, 0]"
2728,"[0, 2, 2, 2, 1, 1, 1, 2, 2, 1]"
1764,"[3, 3, 3, 3, 0, 0, 0, 3]"
3194,"[0, 0, 0, 0, 0, 2, 1]"
1486,"[0, 0, 2, 2, 2, 2]"
1110,"[1, 3, 3, 0, 0, 3, 3]"
1627,"[3, 0, 0, 0, 0, 3, 3, 3]"
2335,"[1, 1, 1, 1, 3, 3]"
2688,"[1, 3, 3, 3, 3]"
323,"[2, 2, 2, 0, 0, 0, 0, 2]"
2893,"[3, 3, 3, 3, 1]"
1135,"[0, 2, 2, 2, 2, 2, 0, 0]"
2248,"[3, 3, 1, 1, 1, 1, 2, 2, 2]"
2732,"[1, 1, 1, 1, 1, 2]"
1735,"[2, 2, 1, 1, 1, 1, 3]"
2633,"[2, 3, 3, 1, 1, 1, 1, 1, 3]"
1991,"[2, 2, 2, 2, 2, 0, 0, 0]"
290,"[3, 3, 3, 3, 3, 0]"
1280,"[2, 0, 0, 0, 0, 3]"
1766,"[3, 0, 0, 0, 0, 3, 3, 0]"
1863,"[0, 0, 0, 2, 2, 2, 0, 0]"
386,"[1, 2, 2, 2, 2, 1, 1]"
235,"[1, 1, 1, 1, 1, 2, 0]"
2400,"[3, 3, 3, 3, 0]"
1018,"[3, 3, 3, 1, 1, 1, 1, 1]"
1247,"[0, 0, 0, 0, 0]"
1949,"[2, 0, 2, 2, 1, 2, 2]"
2567,"[0, 0, 0, 0, 0, 3, 3]"
2185,"[2, 2, 2, 2, 1, 1]"
649,"[0, 0, 3, 3, 3, 3]"
2249,"[0, 0, 3, 3, 3, 3, 3, 1]"
532,"[0, 3, 3, 3, 3, 3, 1]"
1850,"[2, 2, 2, 2, 0]"
2942,"[3, 3, 3, 3, 3, 1, 1]"
1376,"[1, 1, 1, 1, 3, 3, 3, 3]"
1365,"[2, 2, 0, 0, 0, 0, 0]"
1085,"[0, 0, 0, 3, 3, 3, 3, 3]"
180,"[1, 3, 3, 3, 3]"
2336,"[2, 2, 2, 2, 0, 2, 0, 0]"
1289,"[1, 3, 1, 3, 3, 3, 0]"
1236,"[3, 3, 3, 3, 1, 1]"
366,"[0, 0, 0, 0, 0, 3]"
558,"[3, 1, 1, 1, 1, 1, 3]"
1490,"[0, 3, 3, 3, 3]"
2383,"[3, 3, 3, 0, 0, 0, 0, 0]"
1666,"[3, 3, 2, 1, 1, 1, 1, 1, 3, 3]"
3015,"[1, 1, 1, 3, 3, 3, 1, 1, 2]"
1067,"[0, 0, 0, 0, 2, 2, 2, 2]"
477,"[1, 1, 1, 2, 2, 1, 1]"
315,"[1, 1, 1, 1, 1, 3, 3, 3, 3, 3]"
906,"[0, 0, 0, 0, 0]"
425,"[3, 3, 0, 0, 0, 3, 3, 3, 0, 0]"
2756,"[3, 3, 1, 1, 1, 1, 1, 3, 3]"
376,"[3, 3, 3, 3, 1, 1, 1, 1, 1, 2]"
1051,"[0, 0, 3, 3, 3, 3, 1]"
2508,"[3, 1, 1, 1, 1, 1, 2, 2, 2, 2]"
2356,"[0, 3, 3, 2, 0, 0, 0, 2, 0]"
1558,"[2, 2, 2, 2, 0, 0, 0, 0, 0, 1]"
2215,"[0, 0, 0, 0, 2, 2, 2]"
2688,"[1, 3, 3, 3, 3]"
974,"[1, 1, 1, 1, 2]"
1428,"[0, 0, 0, 3, 3, 3, 3, 0]"
1960,"[0, 0, 0, 0, 0, 2, 2, 2]"
1925,"[3, 3, 3, 0, 0, 3, 3]"
2051,"[2, 2, 2, 1, 2]"
117,"[0, 0, 2, 2, 0, 2, 0, 0, 3]"
2190,"[0, 0, 0, 0, 0, 1]"
333,"[0, 0, 0, 2, 2, 2, 2, 2]"
2387,"[1, 1, 0, 0, 2, 2, 2, 1, 1, 3, 1, 1, 3]"
1591,"[1, 2, 2, 2, 2, 0]"
2096,"[2, 0, 0, 0, 0, 0, 2]"
2940,"[3, 1, 1, 1, 1, 3, 3, 3, 3]"
1137,"[0, 0, 0, 0, 1, 3, 3, 3, 3, 3, 0, 0]"
1108,"[0, 0, 0, 0, 0, 3, 3, 3, 3]"
2435,"[1, 1, 1, 1, 2]"
2459,"[0, 0, 3, 0, 0, 0, 3]"
221,"[1, 1, 1, 1, 2, 2, 2, 2]"
1887,"[1, 1, 1, 3, 3, 3, 3, 3, 2, 1, 1]"
1335,"[0, 0, 0, 0, 0, 3, 3, 3, 3, 3]"
1787,"[1, 1, 1, 1, 1, 3, 3]"
3067,"[0, 3, 3, 3, 3, 3, 0, 2]"
3239,"[0, 0, 2, 2, 2, 2, 2]"
1503,"[2, 2, 2, 0, 2, 0, 0]"
2176,"[1, 1, 2, 1, 1]"
1290,"[1, 0, 0, 0, 0, 1, 3, 3, 3, 0, 3, 3, 1, 1, 1, 1, 1]"
1377,"[3, 3, 3, 3, 0, 0, 0, 0, 0]"
1606,"[0, 0, 0, 0]"
2599,"[1, 2, 2, 2, 2, 0, 0, 0]"
220,"[2, 2, 2, 2, 1]"
2787,"[3, 3, 3, 3, 3]"
2279,"[2, 2, 2, 2, 1, 1]"
532,"[0, 3, 3, 3, 3, 3, 1]"
339,"[2, 2, 2, 1, 1, 1, 1, 1]"
3051,"[0, 0, 3, 3, 0, 3, 3, 3]"
283,"[0, 0, 0, 0, 0, 2, 2, 2, 2, 2]"
1296,"[0, 0, 2, 2, 2, 2, 2]"
2362,"[2, 2, 2, 2, 2, 1]"
1596,"[3, 1, 1, 1, 1, 1]"
1713,"[0, 1, 0, 3, 3, 3, 3]"
2835,"[1, 2, 1, 2, 2, 2, 2, 0, 0, 3]"
195,"[3, 2, 0, 0, 0, 0]"
3048,"[3, 3, 3, 3, 0]"
1202,"[1, 1, 1, 1]"
332,"[2, 1, 1, 1, 1, 1]"
2581,"[1, 1, 1, 2, 2, 2, 2, 0, 0, 2]"
2938,"[3, 3, 3, 1, 1, 1, 3, 3]"
2725,"[2, 0, 0, 0, 0, 2, 2, 2]"
2568,"[1, 1, 1, 1, 2, 2, 2]"
2343,"[3, 3, 3, 3, 0, 0]"
2794,"[1, 1, 1, 1, 2, 2, 2, 1]"
453,"[0, 0, 0, 0, 3]"
3268,"[1, 1, 1, 1, 3]"
693,"[1, 3, 1, 3, 1, 1, 1]"
2325,"[0, 3, 3, 3, 3, 3, 1, 1]"
2373,"[1, 1, 1, 1, 1, 3]"
1460,"[3, 3, 1, 3, 1, 3, 3, 1]"
681,"[0, 3, 0, 3, 0, 3, 3, 1, 3]"
481,"[0, 0, 0, 0, 3, 0]"
1905,"[3, 0, 0, 0, 2, 2, 2, 2, 2, 0]"
1606,"[0, 0, 0, 0]"
1304,"[2, 2, 2, 0, 0, 0, 0]"
2907,"[0, 3, 3, 3, 3, 3, 0]"
114,"[2, 2, 2, 2, 2]"
1669,"[1, 1, 1, 1, 3, 3, 3]"
1548,"[0, 3, 0, 3, 3, 0, 3]"
431,"[2, 2, 0, 0, 2, 0, 0]"
769,"[3, 3, 3, 3, 3, 1]"
2847,"[2, 1, 1, 3, 1, 1, 3, 1]"
2449,"[3, 3, 3, 3]"
2576,"[0, 0, 0, 0, 3, 3, 3, 3, 3]"
274,"[3, 3, 3, 3, 1, 1]"
2299,"[3, 2, 1, 1, 1, 1, 3]"
2142,"[0, 0, 0, 2, 0, 0, 2]"
1,"[1, 1, 1, 2, 2, 2, 1, 1]"
672,"[0, 0, 0, 0, 0, 3]"
588,"[1, 1, 1, 1, 3, 3]"
2744,"[0, 3, 3, 3, 3]"
3075,"[1, 1, 1, 1, 3]"
2640,"[2, 2, 2, 2, 2, 1, 1, 1, 1, 0]"
2255,"[1, 1, 1, 1, 1, 2]"
2798,"[0, 3, 0, 3, 3, 3, 3]"
614,"[0, 0, 0, 0, 0, 3, 3, 3, 3, 3]"
2897,"[2, 2, 2, 1, 2, 1, 1]"
388,"[0, 3, 3, 3, 3, 3]"
2828,"[2, 2, 2, 2, 2]"
609,"[1, 1, 1, 1, 2, 2]"
2173,"[0, 3, 3, 3, 0, 0, 0, 0, 3]"
1246,"[0, 0, 0, 0, 0, 3, 3, 3]"
1502,"[0, 0, 3, 0, 0, 0]"
126,"[2, 2, 0, 2, 0, 2, 0, 0, 0, 2]"
565,"[3, 0, 0, 0, 0, 0]"
542,"[2, 2, 2, 2, 0, 0, 0, 0, 2]"
2295,"[3, 2, 2, 1, 1, 1, 1]"
1172,"[1, 2, 1, 2, 2, 2, 1, 1]"
504,"[2, 2, 2, 2, 2, 0]"
1429,"[2, 2, 2, 0, 0, 0, 2]"
1045,"[2, 2, 2, 2, 2, 0]"
624,"[3, 1, 3, 1, 3, 1, 3]"
1268,"[3, 3, 3, 0, 3, 0]"
1638,"[3, 3, 3, 3, 0, 0, 0, 0]"
1564,"[1, 2, 1, 1, 2, 2, 2, 0, 0, 2, 0]"
14,"[1, 1, 1, 1, 2]"
231,"[3, 3, 3, 2, 2, 2, 1, 1, 1, 1, 1, 3, 3, 3, 3]"
1917,"[3, 0, 0, 2, 2, 2, 2, 0, 0, 0]"
2207,"[1, 1, 1, 1, 1]"
928,"[3, 0, 0, 0, 0, 0]"
1099,"[1, 2, 2, 2, 2, 2]"
1993,"[0, 3, 3, 3, 3, 1, 1]"
1665,"[0, 0, 0, 0, 2, 2, 2]"
1273,"[2, 2, 2, 2, 2]"
1890,"[0, 0, 0, 0]"
259,"[2, 2, 2, 2, 2]"
782,"[2, 2, 2, 2, 2, 1, 1, 1, 1, 1, 3, 0, 3]"
1117,"[1, 1, 3, 3, 3, 3, 1, 1]"
2119,"[1, 1, 1, 2, 2, 1, 2]"
621,"[2, 3, 3, 0, 0, 0, 0, 0]"
1027,"[0, 0, 2, 2, 2, 2, 2, 3, 1, 1, 1, 2]"
996,"[3, 0, 3, 3, 3, 3]"
2275,"[3, 1, 3, 3, 0, 3]"
23,"[1, 1, 1, 1, 1]"
2940,"[1, 1, 3, 3, 3, 3, 3, 1, 1, 1]"
1070,"[3, 3, 3, 3, 3, 1, 1, 1]"
2611,"[1, 1, 1, 1, 2, 2]"
781,"[1, 2, 2, 2, 2, 2, 1, 1]"
1474,"[3, 1, 1, 1, 1, 1, 0, 2, 2, 2, 2, 2]"
3243,"[0, 0, 0, 0, 0, 2, 2, 2]"
2762,"[2, 2, 2, 2, 2, 1, 1, 1]"
99,"[3, 3, 3, 3, 3, 0, 0]"
715,"[1, 1, 1, 1, 1]"
812,"[3, 3, 3, 3, 3, 1]"
2969,"[1, 3, 3, 3, 3, 3]"
2164,"[2, 0, 0, 0, 2, 2, 0]"
1026,"[0, 0, 0, 0, 0, 3]"
2871,"[0, 0, 0, 0, 0, 2, 2, 2]"
535,"[0, 0, 0, 0, 0]"
1168,"[0, 2, 2, 2, 2, 2]"
736,"[3, 1, 1, 2, 1, 1, 1, 3]"
1384,"[1, 3, 3, 3, 3, 3, 1, 2]"
942,"[1, 3, 1, 1, 0, 3, 3, 1, 1, 1]"
2128,"[2, 2, 2, 2, 0, 0, 0]"
2369,"[0, 0, 0, 0, 0]"
2883,"[2, 2, 1, 2, 2, 2, 1, 3, 1, 1, 1]"
1825,"[3, 3, 3, 3, 1, 1, 1]"
181,"[0, 2, 2, 2, 2, 2, 1]"
2316,"[3, 0, 0, 0, 0, 0, 3, 3, 3, 3]"
1201,"[0, 2, 0, 2, 0, 0, 0, 2, 1, 2, 2, 0]"
904,"[2, 2, 2, 2, 2, 0]"
2765,"[3, 3, 1, 1, 1, 1, 1, 2, 2, 2]"
2542,"[3, 3, 3, 3, 1]"
1442,"[1, 1, 1, 1, 1, 2]"
98,"[2, 2, 2, 0, 0, 0, 0, 0, 1]"
408,"[2, 1, 1, 1, 1, 3]"
3105,"[0, 0, 3, 3, 3, 3, 3, 1]"
635,"[3, 3, 3, 0, 0, 0, 0, 2]"
3143,"[3, 3, 3, 3, 3, 0]"
1720,"[0, 0, 0, 0, 0, 2, 2, 2, 2, 1]"
2887,"[0, 0, 0, 0, 2, 2]"
2759,"[1, 2, 2, 2, 2]"
2248,"[3, 3, 3, 2, 1, 1, 1, 1, 2, 2, 2]"
2652,"[2, 2, 1, 1, 1, 1]"
2170,"[2, 2, 2, 2, 2, 0, 0]"
936,"[2, 2, 2, 0, 0, 0, 0]"
392,"[1, 1, 1, 3, 3, 3, 3, 1, 1]"
1549,"[1, 1, 1, 1]"
2153,"[1, 1, 3, 3, 3, 3, 3]"
3085,"[0, 3, 3, 3, 3, 1]"
3107,"[1, 1, 1, 1, 1, 2, 2, 2]"
1859,"[1, 1, 3, 3, 3, 3]"
879,"[0, 0, 3, 3, 3, 3, 3]"
1796,"[2, 2, 2, 2]"
1460,"[3, 3, 3, 3, 3, 1, 1, 1]"
2503,"[0, 0, 0, 0, 0, 3]"
2788,"[0, 0, 0, 0]"
302,"[1, 1, 1, 2, 2, 2, 2, 2, 1]"
916,"[0, 0, 0, 3, 0, 0, 2]"
680,"[1, 1, 1, 1, 3, 3]"
2288,"[3, 3, 3, 3, 3, 1, 1]"
3157,"[1, 1, 1, 1, 2, 2, 2, 2, 2]"
3272,"[1, 1, 1, 1, 1, 2, 2, 2, 2, 2]"
274,"[3, 3, 1, 1, 3, 3]"
1631,"[2, 2, 2, 0, 0, 2, 0, 0]"
147,"[2, 2, 2, 2, 2, 0, 0]"
1179,"[0, 2, 2, 2, 2, 2]"
1954,"[1, 1, 1, 2, 2, 2, 2]"
269,"[1, 0, 0, 2, 0, 2, 2, 2, 0, 0]"
1813,"[3, 3, 3, 3]"
3149,"[3, 3, 0, 3, 3, 3, 1, 1, 1, 1, 2]"
2141,"[2, 2, 2, 0, 0, 0, 0]"
1054,"[1, 1, 3, 3, 3, 3]"
345,"[0, 1, 2, 1, 2, 2, 2, 2, 0, 0]"
2762,"[2, 1, 0, 0, 0, 2, 2, 1, 1, 3, 3, 0, 0, 1, 1, 2, 1, 0, 2, 1]"
2983,"[0, 2, 2, 1, 1, 0, 2, 2, 1, 2, 0, 0, 3, 1, 1, 1, 0, 0, 3, 3, 1, 1]"
896,"[0, 0, 0, 0, 3, 3, 3]"
2178,"[2, 0, 0, 2, 2, 2, 1, 1]"
422,"[0, 0, 0, 0, 0]"
2169,"[1, 1, 1, 1, 2, 2, 2]"
1673,"[1, 3, 3, 3, 0, 0, 3]"
2966,"[3, 3, 3, 3, 3]"
420,"[2, 2, 0, 0, 0, 0, 0, 3, 3, 3, 3, 3]"
2458,"[3, 3, 1, 3, 3, 3]"
3056,"[1, 2, 2, 2, 1, 2]"
2789,"[3, 1, 1, 1, 1, 2, 1, 2]"
2738,"[1, 1, 1, 2, 2, 2, 1, 1]"
1062,"[2, 2, 2, 2, 2, 0]"
3012,"[1, 1, 1, 1, 3, 3, 3, 3, 3]"
1172,"[2, 1, 1, 2, 2, 2, 1, 1]"
1408,"[2, 2, 2, 2, 2, 0]"
693,"[1, 3, 1, 3, 1, 1, 1]"
2692,"[1, 1, 1, 1, 1]"
3098,"[0, 0, 0, 0, 0, 3, 3, 3]"
1024,"[1, 1, 1, 1, 2]"
2219,"[1, 1, 2, 2, 2, 2, 2, 1]"
357,"[2, 2, 1, 1, 1, 1, 1]"
2831,"[3, 3, 3, 0, 0, 0, 0, 0]"
2040,"[3, 3, 3, 3, 0, 0]"
3148,"[1, 2, 2, 2, 2, 2, 0, 0, 0, 0, 0, 3]"
1795,"[0, 3, 0, 0, 3, 0, 0]"
1603,"[3, 3, 3, 3, 3, 1, 1, 1]"
645,"[3, 3, 0, 0, 0, 0, 3, 3, 3]"
1693,"[1, 1, 1, 2, 2, 2, 2, 1]"
1030,"[0, 0, 0, 2, 2, 2, 2, 1]"
1532,"[0, 0, 2, 2, 2, 2, 0, 0, 0]"
2658,"[1, 1, 2, 2, 2, 2, 2]"
346,"[2, 1, 1, 1, 1, 2, 2, 2, 2]"
1818,"[0, 2, 2, 0, 0, 0, 0]"
739,"[3, 1, 1, 1, 3, 3, 1]"
1601,"[1, 2, 2, 2, 2, 2, 1, 1, 1, 1]"
1772,"[1, 1, 1, 3, 3, 3, 3, 3]"
399,"[0, 0, 0, 0, 1, 3, 3, 3, 3]"
810,"[2, 0, 0, 0, 2, 2, 2, 2]"
921,"[2, 2, 2, 2, 2, 1, 1]"
2630,"[2, 2, 2, 2, 0, 0, 2, 0, 0]"
2304,"[1, 1, 1, 3, 3, 3, 3]"
1271,"[2, 2, 2, 0, 0, 0, 0, 0, 3, 3, 3]"
1768,"[2, 0, 2, 2, 2, 1, 1]"
112,"[1, 3, 1, 1, 1, 1, 2, 2, 2, 3, 3, 3, 0, 0, 0, 3, 3, 0, 0, 2, 2, 1, 1, 1, 1, 1, 3, 2, 0, 0, 0, 0, 0]"
1634,"[3, 3, 3, 3, 3, 1, 1, 2, 2, 0, 0, 0, 3, 0, 0, 2, 3, 3, 1, 1, 2, 2, 2, 2, 0, 0, 2, 1, 1, 1, 1, 1, 3, 2, 0, 0, 3, 3]"
1666,"[1, 2, 2, 1, 1, 1, 3, 1, 0, 3, 0, 0, 2, 0, 3, 0, 3, 3, 3, 1, 2, 2, 2, 1, 3, 0, 3, 3, 1, 2, 2, 1, 1, 3, 1, 2, 0, 0, 0, 3, 3, 1, 0]"
691,"[2, 2, 0, 3, 0, 0, 0, 2, 0, 2, 1, 1, 1, 2, 2, 3, 3, 0, 3, 3, 1]"
1079,"[0, 3, 3, 3, 3, 3, 1, 1, 1, 1, 1, 2, 2, 2, 2, 2, 0, 0, 0, 0]"
1003,"[1, 1, 1, 3, 0, 3, 3, 3, 0, 0, 3, 1, 1, 2, 1, 1, 1, 2, 0, 0, 0]"
207,"[3, 1, 1, 1, 2, 1, 1, 2, 0]"
1532,"[0, 0, 2, 2, 2, 2, 0, 0, 0]"
1464,"[0, 0, 0, 2, 2, 1, 2, 2, 0, 0, 2]"
978,"[1, 1, 1, 1, 1, 3, 3, 3, 3, 3]"
620,"[3, 2, 2, 1, 1, 1, 1]"
592,"[0, 0, 0, 0, 3, 3, 3, 3]"
144,"[2, 2, 1, 1, 1, 1]"
971,"[2, 2, 2, 2, 2, 0, 0, 0, 0, 0]"
31,"[0, 0, 3, 3, 3, 0, 0, 3, 3]"
739,"[3, 1, 1, 1, 3, 3, 1]"
356,"[3, 3, 0, 0, 0, 0]"
2198,"[0, 0, 0, 0, 0, 2, 2, 2, 2]"
1853,"[1, 0, 3, 3, 3, 3, 3, 0]"
428,"[1, 3, 3, 3, 3, 1]"
1211,"[1, 1, 1, 1]"
3133,"[3, 3, 3, 3, 3, 0, 0, 0]"
748,"[1, 3, 3, 3, 3, 3]"
1577,"[3, 3, 0, 0, 0, 0]"
773,"[1, 1, 1, 1, 1, 3]"
604,"[1, 2, 1, 1, 2, 1, 1, 2, 2, 2]"
3004,"[0, 0, 0, 3, 3, 3, 3, 3]"
660,"[1, 1, 1, 1, 1]"
2397,"[0, 0, 0, 0, 2, 2, 2, 2, 2]"
2816,"[1, 3, 1, 1, 1, 1]"
993,"[1, 1, 1, 1, 1]"
3145,"[2, 1, 1, 1, 1, 1, 0, 0, 1, 3, 1]"
24,"[3, 3, 1, 1, 1, 2, 1, 1, 3, 3, 0]"
3269,"[0, 0, 0, 0, 0]"
291,"[1, 1, 1, 2, 2, 2, 2, 2, 1, 1]"
2419,"[3, 3, 3, 1, 1, 1, 1, 1]"
2233,"[2, 2, 2, 2, 2, 1]"
1939,"[1, 1, 2, 2, 2, 2, 2]"
2934,"[1, 1, 1, 3, 3, 1, 1, 3, 3]"
2603,"[0, 3, 3, 3, 3, 0]"
2557,"[0, 0, 0, 2, 2, 2, 2, 2]"
2564,"[0, 0, 0, 0, 2, 0]"
2629,"[1, 2, 2, 2, 2, 2]"
2136,"[0, 0, 0, 0, 2, 2]"
3103,"[3, 3, 3, 0, 0, 0, 0, 0, 2, 2]"
2022,"[0, 0, 0, 0, 0, 2, 2]"
1125,"[1, 1, 1, 1, 3]"
2883,"[1, 1, 1, 1, 0, 2, 2, 2, 2, 1]"
126,"[2, 2, 2, 2, 0, 0, 0, 0, 0, 2]"
230,"[2, 0, 0, 0, 0, 0]"
1324,"[1, 1, 3, 3, 3, 3, 3, 1]"
779,"[1, 1, 1, 1, 2, 2, 2, 2, 0, 0, 0, 0]"
957,"[3, 3, 0, 0, 0, 0, 3, 3, 3]"
2727,"[3, 3, 3, 3, 3, 0, 0]"
2749,"[3, 0, 0, 0, 2, 2, 0]"
3166,"[3, 3, 0, 0, 0, 0, 0]"
2175,"[1, 1, 2, 2, 2, 2]"
2980,"[3, 3, 3, 3, 3, 0]"
2790,"[2, 2, 2, 0, 0, 0, 0]"
2656,"[2, 2, 2, 2, 1, 1, 1]"
1979,"[0, 0, 3, 3, 3, 3, 0, 3, 0]"
177,"[1, 1, 2, 2, 2, 2]"
1577,"[0, 0, 0, 0, 3, 3]"
251,"[0, 0, 0, 0, 3, 3, 3, 3, 3]"
2746,"[0, 3, 3, 3, 3, 3]"
1788,"[3, 3, 3, 3, 3]"
1015,"[0, 0, 0, 0, 0, 3, 3]"
1927,"[2, 2, 2, 2, 1, 1]"
1739,"[2, 2, 2, 2, 2]"
836,"[0, 0, 2, 2, 2, 2, 2, 1]"
2355,"[1, 1, 1, 1, 0, 2, 2, 2, 2, 2, 0]"
1181,"[1, 1, 1, 1, 1, 2, 2, 2, 2, 2]"
92,"[3, 0, 0, 0, 2, 2, 0]"
1146,"[1, 1, 1, 2, 2, 2, 1, 1, 2]"
812,"[3, 1, 3, 3, 3, 3]"
3106,"[0, 0, 0, 0, 0]"
1138,"[1, 3, 1, 1, 1]"
1945,"[1, 1, 1, 1, 2, 2, 2, 2, 2]"
1786,"[1, 1, 1, 1, 3]"
142,"[2, 2, 2, 2, 1, 1, 1, 1, 1, 2]"
1266,"[0, 0, 0, 0, 0, 2, 2, 2, 2]"
1075,"[0, 1, 3, 3, 3, 3, 1]"
739,"[3, 1, 1, 1, 1, 0, 3, 3, 3, 2, 1]"
1147,"[2, 2, 2, 0, 0, 0, 0, 0, 2]"
2726,"[1, 1, 1, 1, 3, 3]"
611,"[0, 0, 0, 0]"
1271,"[2, 2, 2, 0, 0, 0, 0, 0, 3, 3, 3]"
1354,"[3, 3, 0, 0, 0, 0, 0, 3, 3]"
204,"[1, 1, 3, 3, 3, 1, 1, 1]"
923,"[2, 2, 2, 2, 0, 0, 0]"
1439,"[1, 1, 0, 0, 0, 1, 1, 1, 2, 3, 0, 0, 2, 2, 2, 2]"
436,"[2, 2, 2, 1, 3, 1, 1, 1, 1, 3, 0, 3, 3, 1]"
1617,"[0, 3, 3, 3, 3, 3]"
1041,"[0, 0, 0, 0, 3, 3, 3]"
1983,"[2, 2, 2, 2]"
2706,"[3, 3, 3, 3]"
2725,"[2, 2, 0, 2, 0, 0, 0, 2]"
396,"[3, 1, 1, 1, 3, 3, 3, 1]"
58,"[1, 2, 2, 2, 2, 2, 0]"
1163,"[2, 3, 0, 0, 0, 0, 3, 3, 3, 3, 0]"
2953,"[3, 0, 0, 0, 2, 2, 2, 2, 0]"
2084,"[3, 0, 0, 3, 3, 3]"
2613,"[1, 1, 1, 1, 3, 3, 1]"
737,"[0, 0, 3, 3, 3, 3, 3]"
1080,"[0, 2, 1, 2, 1, 2, 1, 1, 2]"
1507,"[2, 0, 0, 0, 0, 0, 2, 2, 1]"
646,"[3, 3, 3, 3, 0]"
1648,"[0, 3, 3, 3, 3, 1]"
244,"[0, 1, 2, 2, 1, 1, 1, 1, 2, 2, 2]"
1374,"[0, 2, 2, 2, 2, 2, 1, 0, 3, 1, 1, 1, 1]"
1508,"[1, 1, 1, 1, 3]"
2200,"[1, 3, 3, 3, 3]"
17,"[1, 1, 1, 1, 1, 3, 3, 0]"
705,"[3, 3, 3, 3, 1]"
1202,"[1, 1, 1, 1]"
605,"[2, 1, 1, 1, 2, 1, 1, 2, 2]"
468,"[3, 3, 3, 3, 3, 0, 0, 0, 0, 0, 1]"
1650,"[2, 2, 2, 2, 2, 0, 0]"
3179,"[3, 3, 1, 1, 1, 3, 3]"
2730,"[2, 2, 2, 1, 2, 1, 1]"
1676,"[2, 2, 2, 2, 0, 0, 2]"
2891,"[1, 2, 2, 2, 2, 2, 1]"
3057,"[1, 1, 1, 1, 1, 3]"
983,"[3, 3, 3, 3, 3, 0, 0, 0, 0]"
457,"[3, 3, 3, 3, 1, 1, 1, 1, 2, 2]"
324,"[0, 0, 0, 0, 3, 3]"
1243,"[1, 2, 2, 2, 2, 0]"
2067,"[1, 1, 3, 3, 3, 3, 3]"
1754,"[3, 3, 3, 3, 3, 1, 1, 1]"
2215,"[2, 2, 2, 2, 3, 0, 0, 0, 0]"
1057,"[2, 2, 2, 0, 0, 0, 0, 2, 2]"
376,"[3, 3, 3, 3, 1, 1, 1, 1, 1, 2, 2]"
2468,"[3, 3, 2, 0, 0, 3, 3, 3, 3, 1, 1, 1, 1, 1]"
2878,"[1, 2, 2, 2, 2, 0, 0]"
2017,"[0, 0, 0, 0, 2, 2, 2, 2, 3]"
2546,"[1, 1, 1, 1, 1, 3, 3, 3]"
2583,"[3, 3, 2, 0, 0, 0, 0]"
2575,"[3, 0, 0, 0, 0, 2, 2, 2]"
2532,"[2, 2, 2, 1, 1, 1, 1, 1]"
2684,"[0, 0, 0, 0, 3, 3, 3, 3]"
253,"[3, 3, 3, 3, 1, 1, 1, 1]"
1108,"[0, 0, 0, 0, 0, 3, 3, 3, 3]"
3171,"[1, 1, 1, 1, 2, 2, 2, 2, 2]"
2602,"[2, 0, 0, 0, 0, 3]"
345,"[2, 1, 2, 2, 2, 2, 0, 0]"
1891,"[2, 0, 0, 0, 0, 0]"
2536,"[1, 2, 2, 2, 0, 0, 0, 2]"
2979,"[0, 1, 1, 3, 3, 3, 3, 3]"
2103,"[0, 0, 2, 2, 2, 2, 2, 0, 0, 0]"
2785,"[1, 3, 1, 1, 1, 1, 3, 3, 3]"
3117,"[3, 0, 0, 0, 0, 0, 2]"
2419,"[3, 3, 3, 1, 1, 1, 1, 1]"
1182,"[3, 1, 3, 1, 1, 1, 0, 2, 2, 1]"
2618,"[2, 2, 2, 1, 2, 2, 0]"
303,"[2, 0, 0, 0, 0, 2, 0]"
1533,"[0, 3, 3, 3, 3, 3, 0]"
1,"[1, 1, 1, 3, 2, 2, 2, 2, 1, 1]"
881,"[0, 0, 0, 3, 3, 3, 3, 3, 0]"
2647,"[2, 2, 2, 2, 2, 1]"
3064,"[2, 2, 2, 0, 0, 0, 0, 0, 3, 3, 3]"
2222,"[2, 0, 0, 0, 0, 0, 1]"
2083,"[2, 0, 0, 0, 0]"
2478,"[0, 0, 3, 0, 3, 3, 3, 3, 0]"
3223,"[2, 2, 2, 2]"
2195,"[0, 0, 0, 0, 0]"
1819,"[2, 2, 2, 2]"
1254,"[3, 3, 3, 3]"
13,"[2, 2, 2, 2, 0, 0, 2]"
3081,"[2, 2, 2, 2, 2, 1, 1, 1, 1]"
783,"[2, 2, 2, 2, 1, 1, 1, 1, 3, 3, 3, 3, 1]"
335,"[1, 1, 1, 1]"
1997,"[0, 0, 3, 3, 3, 3]"
2287,"[1, 1, 3, 3, 3, 3]"
3180,"[1, 3, 3, 3, 3, 3, 0, 0, 0, 2, 3, 0, 0]"
2940,"[1, 1, 3, 3, 3, 3, 3, 1, 1]"
1289,"[1, 3, 1, 3, 3, 3, 0]"
3058,"[2, 2, 2, 2, 2]"
690,"[0, 0, 0, 2, 2, 0]"
230,"[2, 0, 0, 0, 0, 0]"
2330,"[1, 2, 2, 2, 2, 1, 1, 1, 1]"
1301,"[1, 1, 1, 1, 1, 2, 2]"
193,"[2, 1, 2, 2, 2, 0]"
3217,"[2, 1, 3, 1, 1, 1, 3]"
1424,"[1, 1, 1, 1, 2, 2]"
2583,"[3, 0, 0, 0, 0]"
383,"[0, 3, 3, 3, 0, 3, 3, 1, 1]"
898,"[2, 2, 2, 2, 2, 0]"
2950,"[0, 0, 0, 0, 3, 3, 3, 3]"
322,"[3, 3, 1, 1, 1, 1, 2, 2]"
3021,"[2, 2, 2, 0, 0, 0, 0, 0]"
2354,"[0, 2, 0, 0, 2, 2, 0, 2]"
1472,"[1, 1, 1, 3, 3, 3, 3]"
1087,"[2, 2, 2, 2, 1, 1, 1, 1, 1]"
713,"[1, 1, 1, 1, 1, 0, 2]"
1742,"[0, 0, 0, 2, 2, 2, 2, 2, 0]"
1083,"[3, 2, 2, 1, 1, 1, 0, 0, 0, 1, 1, 1, 1]"
1966,"[3, 3, 3, 3, 1, 1, 3, 1, 1, 2]"
920,"[1, 0, 3, 3, 3, 3, 0]"
2735,"[2, 0, 0, 0, 0, 3]"
1652,"[0, 0, 0, 0, 3]"
555,"[3, 1, 3, 1, 3, 1, 1, 1]"
599,"[2, 0, 0, 0, 0, 0]"
1474,"[2, 2, 1, 1, 1, 1, 2, 2]"
140,"[2, 2, 1, 1, 1, 1]"
1367,"[3, 0, 0, 0, 0]"
1668,"[2, 2, 2, 2]"
2302,"[1, 2, 2, 2, 2, 2]"
2807,"[2, 2, 2, 2, 2, 1, 1]"
2938,"[3, 1, 1, 3, 1, 3, 3, 3]"
2078,"[0, 2, 2, 2, 2]"
2812,"[0, 0, 0, 0, 1, 1, 1, 1, 1, 3, 3, 3, 3, 3]"
2668,"[3, 3, 3, 3, 0]"
1710,"[3, 3, 3, 3, 3, 0, 2]"
2918,"[3, 3, 1, 1, 1, 1, 3]"
3079,"[1, 1, 1, 1, 2, 2, 2, 2, 2]"
1149,"[3, 3, 0, 0, 3, 3]"
492,"[3, 3, 3, 3, 3, 0, 0]"
676,"[1, 1, 3, 3, 1, 1, 1, 0, 2, 2, 2, 2]"
468,"[3, 3, 3, 3, 3, 0, 0, 0, 0, 0]"
1185,"[3, 3, 3, 1, 1, 1, 2, 2, 1, 1]"
1858,"[2, 2, 2, 2]"
2422,"[3, 3, 3, 3, 0]"
3193,"[3, 3, 3, 3, 1, 1, 1, 1]"
2905,"[1, 2, 2, 2, 2, 0, 2]"
2665,"[3, 3, 3, 3, 0]"
63,"[0, 1, 1, 0, 0, 3, 3, 3, 1, 1, 2, 2, 1, 1, 1, 0, 1, 0, 1, 0, 0, 0, 1, 1, 1, 0, 0, 0, 0, 0, 3, 3, 1, 1, 3, 3, 1, 1, 1, 2]"
250,"[3, 0, 0, 0, 0]"
2713,"[1, 1, 1, 1, 3]"
2419,"[3, 3, 3, 1, 1, 1, 1, 1]"
3100,"[0, 2, 2, 2, 2]"
2880,"[3, 3, 3, 3, 0, 0, 0, 0]"
519,"[3, 2, 0, 0, 0, 0, 0, 2, 2]"
601,"[3, 1, 1, 1, 1, 1, 2, 2, 2, 2, 2]"
2564,"[0, 0, 0, 0, 1, 2, 0, 0]"
538,"[3, 3, 3, 3, 3, 0]"
2837,"[0, 3, 3, 3, 3, 0, 0, 0, 0]"
2628,"[2, 2, 0, 0, 0, 0]"
2370,"[1, 1, 1, 1, 2]"
3027,"[3, 3, 0, 0, 0, 3, 3]"
455,"[2, 2, 2, 2, 2, 0, 0, 0]"
608,"[1, 1, 1, 3, 1]"
2743,"[0, 3, 3, 3, 3]"
388,"[0, 3, 3, 3, 3, 3]"
1825,"[3, 3, 1, 1, 3, 3, 1]"
1713,"[0, 3, 3, 3, 3]"
3095,"[1, 1, 2, 1, 1, 1]"
1857,"[3, 1, 3, 1, 3, 3, 3]"
1118,"[3, 3, 3, 3, 3, 0]"
688,"[0, 0, 2, 2, 2, 2]"
990,"[0, 0, 0, 0, 0, 2, 2]"
2331,"[0, 3, 3, 3, 3, 0, 0, 0, 3]"
679,"[2, 0, 0, 0, 3, 3, 3, 0]"
1234,"[0, 0, 0, 0, 0, 3]"
1669,"[3, 3, 3, 1, 1, 1, 1]"
659,"[2, 2, 0, 0, 0, 3, 0]"
1218,"[1, 3, 3, 3, 3]"
2677,"[0, 0, 0, 0, 3, 3]"
1984,"[0, 0, 0, 0, 3, 0]"
3083,"[0, 3, 3, 3, 3, 3]"
1412,"[1, 1, 3, 3, 3, 3]"
998,"[1, 2, 2, 1, 2, 2, 1, 1]"
962,"[2, 2, 0, 0, 0, 0, 0, 3, 3, 3, 1]"
2938,"[1, 3, 3, 3, 3, 1, 1, 3]"
1409,"[0, 0, 0, 0, 0]"
2168,"[2, 0, 0, 0, 0, 0]"
2807,"[2, 2, 2, 2, 2, 1, 1]"
2347,"[0, 0, 0, 0, 0, 3, 3, 3]"
2933,"[3, 3, 3, 3, 1, 1]"
2951,"[2, 2, 2, 2, 2, 0, 0, 0]"
2124,"[0, 0, 0, 0, 3, 3, 3]"
1896,"[0, 2, 1, 3, 0, 2, 1, 3, 0, 2, 1, 3, 0, 2, 1, 0, 1, 0, 0, 0, 0, 2, 0]"
1375,"[1, 3, 3, 3, 3, 3, 0, 0, 0, 0, 0]"
1993,"[0, 3, 3, 3, 3, 3, 2, 0, 0, 1, 1, 1, 1, 1]"
303,"[2, 0, 0, 0, 0, 2, 0]"
1767,"[1, 1, 3, 3, 3, 3, 3]"
2069,"[0, 2, 2, 2, 2, 2, 0, 0, 0, 0]"
1238,"[3, 3, 3, 3]"
306,"[2, 3, 2, 1, 1, 1, 1, 3]"
2368,"[3, 3, 3, 3, 0]"
1591,"[0, 2, 2, 2, 2, 1]"
1114,"[0, 0, 2, 2, 2, 2, 0]"
2256,"[0, 2, 2, 2, 2]"
3262,"[1, 3, 3, 3, 3, 3]"
1761,"[0, 2, 2, 2, 2, 2, 0, 0]"
2702,"[1, 1, 1, 1, 3, 3]"
1176,"[2, 2, 2, 2]"
2971,"[0, 0, 3, 3, 3, 0, 0, 0]"
194,"[2, 2, 2, 2, 2, 0]"
257,"[0, 0, 0, 0, 3, 3, 0]"
732,"[0, 3, 3, 3, 3, 3, 1]"
2624,"[1, 3, 3, 3, 1, 1, 1, 1]"
305,"[1, 1, 3, 3, 3, 3]"
2467,"[3, 3, 3, 3]"
236,"[0, 0, 0, 0, 0]"
2760,"[2, 2, 2, 0, 0, 0, 0, 0]"
277,"[0, 0, 0, 0, 0, 2, 2]"
309,"[0, 0, 0, 0, 2, 2, 2]"
503,"[2, 2, 1, 1, 1, 1, 3, 3]"
2991,"[2, 2, 2, 0, 0, 0, 0]"
2416,"[3, 0, 0, 0, 0, 0, 3]"
2411,"[2, 2, 2, 2, 2, 1]"
1824,"[3, 3, 3, 3, 1, 1]"
216,"[1, 1, 1, 2, 2, 1]"
1278,"[1, 3, 3, 3, 3, 3]"
532,"[0, 3, 3, 3, 3, 3, 1]"
2637,"[0, 0, 0, 0, 2, 2]"
3137,"[3, 3, 0, 0, 0, 0]"
1020,"[0, 2, 2, 0, 2, 2]"
268,"[1, 2, 2, 2, 2, 2, 0, 0, 0, 0, 0]"
3208,"[1, 1, 1, 1, 2, 2, 2, 2]"
2901,"[2, 2, 2, 0, 0, 0, 0, 0, 2]"
2487,"[2, 0, 0, 0, 0]"
2302,"[1, 2, 2, 2, 2, 2]"
1191,"[2, 2, 2, 2, 2, 1, 1, 1, 1, 1]"
1616,"[1, 2, 2, 2, 2, 1]"
1840,"[2, 2, 2, 2, 0, 0, 0, 0, 0]"
2820,"[1, 1, 1, 1, 3]"
48,"[0, 0, 0, 2, 2, 0, 0]"
571,"[1, 2, 2, 2, 2, 0]"
654,"[2, 0, 0, 0, 0]"
1400,"[1, 2, 2, 2, 2, 2, 1]"
2027,"[1, 1, 1, 1, 3, 3, 1]"
2599,"[1, 2, 2, 2, 2, 0, 0, 0]"
2649,"[0, 0, 0, 0, 3, 3, 0]"
1012,"[3, 3, 3, 3, 0, 0, 0, 0]"
229,"[0, 0, 0, 3, 3, 3, 3, 1, 1, 1, 1, 3]"
3145,"[2, 1, 1, 1, 1, 3, 1]"
2707,"[3, 3, 3, 0, 0, 0, 0]"
155,"[0, 0, 0, 0, 0, 2]"
1416,"[0, 3, 0, 3, 3, 3, 3, 1]"
2710,"[0, 2, 2, 0, 0, 0]"
259,"[2, 2, 2, 2, 2]"
2916,"[2, 2, 2, 2, 2, 0]"
2746,"[0, 3, 3, 3, 3, 3]"
2097,"[0, 0, 0, 0, 0, 2, 2, 2, 2, 2, 1, 3]"
1769,"[0, 0, 1, 1, 1, 3, 3, 3, 3, 3, 1]"
49,"[0, 0, 0, 2, 2, 2, 2, 0, 0]"
2447,"[2, 2, 2, 2, 1]"
3208,"[1, 1, 1, 1, 2, 2, 2, 2]"
1903,"[1, 1, 3, 1, 1, 3, 3, 3, 3, 1]"
1009,"[1, 1, 1, 1, 1, 2, 2, 2, 0]"
2262,"[0, 2, 2, 2, 2, 2, 0, 0, 0, 0]"
2412,"[0, 0, 0, 0, 0, 2, 1]"
2912,"[0, 0, 0, 0, 0, 2, 2, 1]"
470,"[3, 3, 3, 3, 3]"
2292,"[2, 2, 2, 2, 0, 2, 0]"
2044,"[1, 1, 1, 1, 1, 0, 2, 1]"
2896,"[2, 0, 3, 0, 0, 2, 2, 2, 0, 2]"
1896,"[0, 0, 3, 3, 3, 0, 0, 0]"
3069,"[3, 3, 0, 0, 0, 0, 0]"
2256,"[0, 2, 2, 2, 2, 2]"
379,"[3, 3, 3, 3, 3, 2, 1]"
121,"[1, 3, 3, 3, 3, 3, 1, 1, 1, 1]"
199,"[2, 2, 2, 2, 2, 3, 0, 0, 0]"
917,"[2, 2, 2, 2, 1, 1, 1, 1, 1, 3, 3, 3, 3, 3]"
424,"[3, 3, 3, 3, 3, 2, 3, 1, 1, 1, 1, 1, 2]"
830,"[1, 3, 3, 3, 3, 3, 1]"
1130,"[0, 3, 3, 0, 0, 0, 0]"
495,"[2, 2, 2, 2, 2, 0, 1]"
2977,"[3, 3, 3, 3, 3, 1, 2]"
2526,"[3, 3, 3, 3, 0, 0, 0]"
3226,"[1, 1, 1, 3, 3, 3, 3, 3]"
666,"[0, 0, 0, 3, 0]"
1179,"[0, 2, 2, 2, 2, 2]"
572,"[3, 3, 3, 3, 1, 1, 3]"
456,"[2, 2, 2, 2, 0, 0, 0, 0, 2]"
579,"[2, 2, 0, 2, 2, 0, 0, 0]"
952,"[3, 3, 3, 1, 3]"
2988,"[2, 2, 1, 2, 2, 2, 0, 0, 0, 0]"
391,"[2, 2, 2, 2, 2, 1, 1, 3]"
3005,"[0, 0, 0, 0, 3, 3, 3, 3, 3]"
1210,"[0, 0, 0, 3, 3, 3, 3, 3]"
2678,"[2, 2, 2, 2, 2, 0]"
685,"[2, 0, 0, 0, 0, 0, 3, 3]"
2297,"[2, 2, 2, 2, 2]"
750,"[3, 2, 2, 2, 1, 3, 3, 2, 3, 2, 3, 1, 1, 1, 1, 2, 2, 3, 0, 3, 2]"
687,"[0, 3, 3, 3, 3, 3]"
1721,"[1, 2, 0, 0, 2, 2, 2, 2]"
2986,"[0, 0, 0, 0, 2]"
994,"[2, 1, 1, 1, 2, 1]"
2641,"[1, 1, 1, 1, 1, 2]"
1735,"[2, 2, 1, 1, 1, 1, 3]"
2960,"[2, 2, 2, 1, 1, 2, 1]"
2044,"[1, 1, 1, 1, 1, 2]"
3,"[1, 1, 2, 0, 2, 2, 2, 0]"
364,"[1, 1, 1, 1, 1, 2, 2, 2, 2]"
993,"[1, 1, 1, 1, 1]"
377,"[1, 0, 0, 0, 0, 0, 3, 3, 3, 3, 1]"
2271,"[3, 3, 3, 3, 1, 3]"
584,"[0, 0, 0, 0, 0, 3, 3, 3, 3, 3]"
1744,"[2, 3, 2, 2, 3, 2, 3, 2, 3, 2, 0, 0, 2, 1, 1, 2, 2, 0, 0, 0, 0, 0]"
1339,"[2, 2, 2, 0, 0, 0, 3, 0, 2, 2, 3, 3, 3, 3, 0, 2]"
831,"[3, 3, 3, 2, 1, 0, 0, 2, 2, 3, 3, 1, 3, 1, 0, 2, 0, 2, 2, 1]"
1837,"[3, 1, 0, 2, 3, 2, 3, 2, 3, 2, 3, 2, 3, 2, 3, 2, 3, 2, 3, 2, 3, 2, 3, 1, 1, 1, 1]"
1969,"[3, 1, 3, 3, 3, 1]"
1110,"[1, 3, 3, 0, 0, 3, 3]"
2939,"[3, 3, 3, 1, 1, 3]"
1053,"[1, 1, 2, 2, 1, 1, 1, 2, 2, 2]"
155,"[0, 0, 0, 0, 0, 2]"
1259,"[1, 1, 0, 0, 2, 0, 2, 2, 2, 2, 0]"
708,"[1, 1, 1, 2, 1, 1]"
623,"[2, 0, 0, 0, 0, 3, 3]"
153,"[1, 2, 2, 2, 2, 2, 0, 0, 3]"
2936,"[3, 2, 1, 1, 1, 1, 1]"
3037,"[1, 2, 2, 2, 1, 1, 1, 2]"
1381,"[3, 2, 3, 1, 3, 1, 1, 1, 1, 2, 3]"
1027,"[2, 2, 2, 2, 2, 1]"
3240,"[0, 0, 0, 0, 2, 2]"
2947,"[0, 0, 0, 0, 3, 3, 3, 3, 3]"
783,"[2, 2, 2, 2, 2, 1, 1, 1, 1, 3, 3, 3, 3, 3, 1]"
2890,"[2, 0, 0, 0, 0, 2]"
1737,"[2, 2, 2, 2, 2, 1, 1, 1, 1]"
1499,"[2, 2, 2, 2, 2]"
3075,"[1, 1, 1, 1, 1, 0, 3]"
2630,"[2, 2, 2, 0, 0, 0, 0, 2, 2]"
2974,"[3, 3, 3, 3, 1, 3]"
1343,"[3, 3, 3, 3]"
1904,"[0, 2, 2, 2, 2]"
2159,"[3, 3, 3, 3, 1]"
1447,"[2, 1, 1, 3, 1, 1]"
1704,"[0, 0, 0, 0, 2, 1, 1, 0, 2, 2, 2, 2]"
1768,"[0, 2, 2, 2, 2, 1, 1]"
347,"[3, 1, 1, 3, 3, 1, 3, 1]"
402,"[2, 2, 2, 2, 2, 1, 1]"
3028,"[1, 1, 1, 2, 2, 2, 2]"
909,"[0, 0, 0, 0, 0, 3, 3]"
1953,"[3, 1, 1, 1, 1, 2, 1]"
58,"[1, 2, 2, 2, 2, 2, 0]"
2704,"[2, 1, 1, 1, 1, 3, 3, 3, 1, 3]"
997,"[3, 3, 2, 2, 3, 3, 1, 1, 1, 1, 3]"
1693,"[1, 1, 1, 2, 2, 2, 2, 1]"
2732,"[1, 1, 1, 1, 1, 2]"
2793,"[3, 3, 3, 3, 3, 0]"
2483,"[2, 2, 1, 1, 3, 1, 1, 1]"
2166,"[3, 1, 1, 1, 1, 2, 2, 2]"
1144,"[3, 3, 1, 1, 1, 1, 2, 2]"
3231,"[3, 2, 2, 2, 0, 0, 0, 0, 0]"
2791,"[0, 0, 3, 3, 3, 3, 1]"
603,"[0, 0, 3, 3, 3, 0, 0]"
1999,"[1, 1, 3, 3, 3, 3]"
2079,"[2, 1, 1, 1, 1, 3, 1]"
3030,"[2, 2, 2, 2, 0, 2, 0, 0, 0]"
2652,"[2, 2, 1, 1, 1, 1]"
1244,"[2, 2, 2, 2, 0]"
3048,"[3, 3, 3, 3, 0]"
335,"[1, 1, 1, 1, 1]"
3087,"[1, 1, 1, 1, 1]"
203,"[0, 3, 3, 3, 3, 0, 0, 0, 0]"
1209,"[0, 3, 3, 3, 3, 3, 1]"
1296,"[2, 2, 2, 2, 2, 0, 0]"
2099,"[2, 2, 2, 2, 0, 0, 0]"
1715,"[2, 1, 1, 2, 1, 1, 3, 3, 3]"
237,"[0, 0, 0, 0, 0, 3, 3]"
858,"[0, 2, 0, 2, 2, 0, 2, 0, 2]"
1859,"[1, 3, 3, 3, 3, 1]"
1466,"[3, 3, 0, 1, 2, 2, 0, 0, 0, 0, 0, 2, 2, 2]"
2337,"[0, 0, 0, 0, 3, 3]"
229,"[0, 0, 0, 3, 3, 3, 3, 1, 1, 1, 1, 3]"
1274,"[0, 2, 2, 2, 2, 2, 1]"
3158,"[1, 1, 1, 1, 1, 3]"
2031,"[0, 3, 3, 3, 3]"
1575,"[1, 2, 2, 2, 2, 2]"
2532,"[1, 1, 1, 1, 1, 2, 2, 2, 2]"
2327,"[0, 2, 2, 2, 0, 2, 0]"
847,"[2, 2, 2, 2, 0, 2, 0, 0, 0, 3, 0]"
725,"[3, 3, 3, 3, 3]"
927,"[2, 2, 1, 1, 1, 1, 3, 1, 3, 3, 3, 0]"
733,"[3, 1, 1, 1, 1, 3, 3, 1, 3]"
2231,"[3, 3, 3, 3, 3, 0, 0, 0]"
48,"[0, 0, 0, 2, 2, 0, 0]"
3264,"[1, 1, 1, 2, 1, 1, 2, 2]"
799,"[1, 1, 1, 2, 2, 2, 2, 2]"
2568,"[3, 2, 1, 1, 1, 1, 2, 2, 2]"
884,"[2, 1, 1, 1, 1, 3, 3]"
2100,"[2, 2, 2, 2, 0]"
2325,"[0, 3, 3, 3, 3, 3, 1, 1]"
3032,"[1, 1, 1, 2, 2, 2, 2, 2]"
2815,"[2, 1, 1, 1, 1]"
2877,"[1, 1, 1, 1, 1, 3, 3, 3]"
43,"[1, 1, 1, 1]"
1291,"[0, 1, 0, 3, 0, 3, 3, 1, 3]"
1575,"[1, 1, 2, 2, 0, 2, 2, 2]"
1393,"[2, 2, 0, 0, 0, 0, 3]"
1194,"[3, 2, 0, 0, 0, 0, 2, 2, 2, 0]"
3147,"[1, 3, 3, 3, 3]"
1193,"[2, 2, 2, 1, 1, 1, 1, 0]"
1073,"[1, 2, 2, 2, 2, 0]"
566,"[0, 0, 0, 0, 0]"
2924,"[0, 1, 0, 0, 0, 0, 0, 1, 3, 3, 0]"
328,"[3, 3, 3, 1, 1, 1, 1]"
1184,"[3, 3, 3, 2, 1, 1, 1, 2, 2, 1, 1]"
1224,"[0, 0, 3, 3, 3, 3, 3, 1, 1, 1]"
1061,"[3, 3, 3, 3, 3, 0, 0]"
2095,"[1, 2, 2, 2, 2, 2]"
1793,"[2, 2, 2, 2]"
2783,"[0, 0, 0, 3, 3, 0]"
2885,"[3, 3, 3, 3, 1]"
648,"[3, 1, 1, 1, 1, 1, 2]"
914,"[2, 1, 1, 1, 1, 1]"
959,"[2, 2, 2, 2, 2, 0, 0, 0]"
1487,"[1, 1, 1, 3, 3, 3, 3]"
735,"[1, 1, 2, 2, 2, 2]"
2793,"[3, 3, 3, 3, 3, 0]"
861,"[0, 3, 3, 3, 3, 0, 0]"
2427,"[0, 3, 3, 3, 3, 1]"
2830,"[1, 1, 1, 1]"
1850,"[2, 2, 2, 2, 0]"
1704,"[2, 2, 2, 2, 2, 0, 0, 0, 0]"
2691,"[3, 3, 3, 3, 0, 0, 0, 3]"
705,"[3, 3, 3, 1, 3]"
2588,"[0, 0, 0, 0, 2, 2, 1, 2, 2, 0, 0, 1, 1, 1, 1, 0, 0, 0, 0, 3, 3]"
525,"[2, 2, 2, 2, 2, 0, 0, 1, 1, 0, 0, 3, 3, 1, 1, 1, 1, 1, 2, 2]"
532,"[0, 0, 3, 3, 1, 3, 3, 3, 1]"
2164,"[0, 0, 0, 0, 0, 2, 2, 2, 2, 1, 3]"
1110,"[1, 3, 3, 0, 0, 3, 3]"
2711,"[2, 1, 2, 2, 2]"
770,"[3, 3, 3, 3, 3]"
2458,"[3, 3, 1, 3, 3, 3]"
1168,"[2, 2, 2, 2, 2, 0]"
1555,"[0, 3, 3, 3, 1, 1, 3, 1, 3, 1]"
42,"[0, 0, 0, 0, 2, 2, 2]"
239,"[1, 1, 1, 1, 1]"
1768,"[0, 2, 2, 2, 2, 1, 1]"
1645,"[2, 2, 2, 2, 1]"
978,"[1, 1, 1, 1, 1, 3, 3, 3, 3, 3]"
1022,"[3, 0, 0, 0, 0, 0, 3, 3, 3]"
1154,"[1, 3, 1, 1, 3, 1, 3, 1, 0, 3, 3]"
52,"[0, 1, 2, 3, 1, 2, 2, 2, 2, 2]"
1129,"[2, 2, 0, 0, 0, 0, 0]"
1925,"[3, 3, 3, 3, 3, 0, 0]"
752,"[0, 0, 0, 0, 0, 1, 3]"
438,"[2, 2, 0, 0, 0, 2, 2, 2]"
3259,"[2, 2, 2, 2, 1, 1, 1, 1, 1]"
2725,"[2, 0, 0, 0, 0, 0, 2, 2, 2, 1]"
970,"[1, 1, 1, 1, 1, 2]"
2014,"[2, 3, 3, 3, 3, 3, 0, 0, 0, 0, 0]"
692,"[3, 0, 3, 0, 0, 0, 3, 3, 1, 1, 1, 1]"
1510,"[2, 2, 2, 2, 2, 0, 0, 0, 0]"
279,"[2, 0, 0, 0, 0, 0, 3]"
2388,"[2, 1, 0, 2, 2, 2, 2, 0, 0, 0]"
2649,"[0, 0, 3, 3, 0, 0, 0]"
1125,"[1, 1, 1, 1, 3]"
140,"[2, 2, 1, 1, 1, 1]"
1985,"[0, 0, 0, 0, 2, 0, 2]"
3204,"[2, 2, 2, 2]"
238,"[2, 2, 2, 2, 1, 1]"
55,"[1, 1, 1, 1, 1]"
3110,"[1, 3, 3, 3, 3]"
2031,"[3, 3, 3, 3, 0]"
377,"[0, 0, 0, 0, 3, 3, 3, 3, 1]"
1957,"[2, 2, 2, 2, 2, 1]"
217,"[1, 1, 3, 3, 3, 3, 1, 1]"
704,"[1, 3, 3, 3, 3, 3]"
49,"[0, 0, 0, 2, 2, 2, 2, 0, 0]"
2690,"[1, 1, 1, 1, 1, 3]"
2692,"[2, 2, 3, 2, 1, 1, 1, 3, 3, 1, 1]"
88,"[1, 1, 1, 1, 1, 3]"
609,"[2, 1, 1, 1, 1, 2]"
3178,"[2, 2, 0, 0, 0, 0, 2, 2]"
2959,"[0, 0, 0, 0, 0, 3, 3, 3, 3, 3, 2, 1, 1, 1, 1]"
315,"[1, 1, 1, 1, 1, 3, 3, 3, 3, 3]"
3018,"[1, 1, 2, 1, 1, 1, 3]"
1829,"[0, 0, 0, 3, 3, 3, 3, 3]"
1003,"[1, 1, 1, 3, 3, 3, 3, 0, 0, 0, 3]"
2462,"[1, 2, 2, 2, 2]"
2388,"[2, 2, 2, 2, 2, 0, 0, 0]"
1813,"[3, 3, 3, 3, 3]"
3266,"[1, 3, 3, 1, 1, 1, 2, 2]"
2424,"[0, 0, 2, 2, 2, 2, 0]"
268,"[2, 0, 0, 0, 2, 2, 2, 2, 0]"
1723,"[3, 0, 0, 0, 0, 3]"
2649,"[0, 0, 0, 0, 3, 3, 0]"
433,"[2, 1, 1, 1, 1, 1, 2, 2, 2, 2]"
2447,"[2, 2, 2, 2, 1]"
1090,"[1, 1, 1, 1, 2, 2]"
2589,"[2, 2, 2, 2, 2, 1, 1, 1, 1]"
2556,"[1, 1, 1, 1, 1, 2, 2]"
1853,"[1, 0, 3, 3, 3, 3, 0, 3]"
1086,"[1, 1, 1, 3, 3, 3, 3, 3]"
486,"[2, 2, 2, 2, 0]"
329,"[3, 3, 3, 3, 1, 1, 1, 1, 3]"
1685,"[0, 3, 3, 3, 1, 3, 3]"
3246,"[1, 1, 1, 1, 1, 2]"
1020,"[0, 2, 2, 0, 2, 2]"
2542,"[3, 3, 3, 3, 1]"
1481,"[1, 3, 3, 3, 3, 3, 1, 1, 1, 2]"
1396,"[2, 2, 2, 2, 2, 0, 0, 0]"
1597,"[0, 3, 3, 3, 3, 3, 1]"
2157,"[2, 2, 2, 2]"
2069,"[2, 2, 0, 2, 2, 2, 0, 0, 0]"
1884,"[1, 3, 3, 3, 3, 3]"
1044,"[3, 3, 3, 0, 0, 0, 0]"
1975,"[1, 3, 3, 3, 3, 3]"
2116,"[3, 3, 3, 3, 0]"
3231,"[2, 2, 0, 0, 0, 0, 0]"
1079,"[3, 3, 3, 3, 3]"
3200,"[2, 2, 1, 1, 1, 1, 2, 2]"
2461,"[0, 2, 2, 2, 2, 0, 0, 0, 0]"
120,"[2, 1, 1, 1, 1, 1, 2]"
1138,"[1, 3, 1, 1, 1]"
1309,"[3, 2, 1, 1, 1, 1, 1]"
2853,"[2, 0, 0, 0, 0]"
2029,"[3, 3, 3, 3, 1, 1, 1, 1, 1]"
2850,"[1, 1, 1, 2, 2, 2, 1]"
1405,"[2, 1, 1, 1, 1, 1]"
234,"[1, 1, 1, 1]"
1287,"[0, 3, 0, 0, 0]"
350,"[1, 1, 1, 1, 1, 3]"
233,"[1, 1, 1, 1]"
1582,"[1, 1, 1, 3, 3, 3, 1, 1, 3]"
374,"[0, 0, 3, 3, 3, 3]"
554,"[0, 3, 0, 3, 3, 3]"
835,"[1, 1, 1, 1, 3, 3, 3, 3]"
524,"[0, 0, 0, 2, 0]"
28,"[3, 3, 1, 1, 1, 1, 1]"
1425,"[2, 2, 3, 3, 3, 3, 3, 0, 0, 0, 0, 2, 2, 2, 2]"
2264,"[0, 0, 0, 0, 0, 2, 2]"
1160,"[1, 1, 1, 3, 1]"
2271,"[3, 3, 3, 3, 1, 3]"
673,"[0, 0, 0, 0, 3]"
3250,"[1, 2, 2, 2, 2, 2]"
1585,"[0, 0, 0, 0, 0, 3, 3, 1]"
1201,"[0, 0, 0, 0, 2, 2, 0, 2, 2, 2]"
1139,"[3, 0, 0, 0, 3, 3, 3, 3]"
2955,"[0, 0, 0, 0, 3, 3, 3, 3, 1]"
2653,"[1, 1, 3, 3, 3, 3, 3, 0]"
2099,"[0, 0, 0, 2, 2, 2, 2]"
648,"[3, 1, 1, 1, 1, 1, 2]"
2137,"[1, 1, 1, 1, 3, 0, 3, 3, 3, 3, 1]"
2004,"[3, 3, 1, 1, 1, 1, 1]"
390,"[1, 1, 1, 0, 0, 0, 2, 2, 2, 2, 2]"
668,"[1, 1, 3, 3, 3, 3, 3]"
2163,"[1, 1, 1, 1, 1]"
2634,"[0, 0, 0, 0, 0]"
35,"[3, 1, 3, 3, 3, 0, 0, 0]"
2165,"[2, 2, 2, 2, 2, 1, 1, 1, 1, 3]"
1928,"[2, 1, 1, 1, 1, 3, 3, 3, 1]"
284,"[0, 0, 0, 0, 0]"
2436,"[2, 0, 0, 0, 0, 0]"
1596,"[3, 1, 1, 1, 1, 1]"
899,"[2, 2, 2, 2, 0]"
2497,"[2, 2, 2, 0, 0, 0, 0, 0]"
1269,"[0, 0, 0, 0, 0]"
767,"[3, 1, 1, 1, 1, 1]"
3072,"[1, 1, 1, 2, 2, 2, 2, 0, 2, 0, 0, 0, 0]"
1701,"[2, 0, 0, 0, 0, 0]"
0,"[1, 1, 2, 2, 2, 2]"
1738,"[2, 2, 2, 2, 1, 1, 1, 1, 1, 2]"
3199,"[3, 3, 1, 1, 3, 3, 3, 1, 1]"
2666,"[2, 1, 1, 1, 1, 3]"
486,"[0, 2, 2, 2, 2]"
1647,"[1, 1, 1, 1, 1, 2, 2]"
937,"[3, 3, 3, 3, 3, 1, 1]"
2072,"[1, 1, 1, 1, 1]"
1627,"[3, 0, 0, 0, 0, 3, 3, 3]"
1831,"[1, 1, 3, 3, 3, 3, 3]"
2680,"[3, 3, 3, 0, 0, 3]"
155,"[3, 0, 0, 2, 2, 0, 0, 0]"
3035,"[1, 1, 1, 2, 2, 2, 2, 0]"
532,"[0, 3, 3, 3, 3, 3, 1]"
574,"[2, 2, 2, 2]"
3182,"[2, 2, 2, 2, 0, 0, 0]"
522,"[0, 0, 0, 0, 0, 3]"
2729,"[3, 1, 3, 3, 3, 3, 1]"
1884,"[3, 3, 1, 3, 3, 3]"
553,"[1, 1, 1, 1, 1]"
1505,"[1, 2, 2, 2, 2, 0, 0]"
679,"[2, 0, 0, 0, 3, 3, 3, 0]"
3092,"[1, 1, 2, 2, 2, 2]"
362,"[1, 1, 1, 3, 3, 3, 3, 1]"
259,"[2, 2, 2, 2]"
2944,"[3, 1, 1, 1, 1, 2]"
1997,"[3, 3, 0, 0, 3, 3]"
508,"[3, 3, 3, 3, 1, 1, 1, 1, 1]"
785,"[3, 3, 3, 3, 3, 1, 1, 2]"
334,"[3, 3, 0, 0, 0, 0, 0]"
3205,"[0, 0, 0, 0, 3, 3]"
3154,"[2, 2, 2, 2, 1]"
593,"[3, 3, 3, 3, 1, 1, 1, 1, 1]"
750,"[3, 2, 1, 1, 1, 1, 2, 2]"
1656,"[0, 0, 0, 0, 0, 3, 3, 3]"
1010,"[3, 3, 0, 0, 3, 3, 3]"
3045,"[0, 0, 2, 2, 2, 2, 2, 1]"
945,"[2, 2, 2, 2]"
1783,"[0, 0, 0, 0]"
1124,"[3, 2, 2, 2, 0, 0, 0, 0, 0]"
1818,"[2, 0, 0, 0, 0, 0, 2]"
3197,"[3, 3, 0, 3, 0, 0, 3]"
1629,"[0, 0, 0, 0, 0]"
656,"[0, 0, 0, 2, 2, 2, 2, 2, 1]"
470,"[3, 3, 3, 3, 3]"
573,"[0, 0, 0, 0, 3, 3, 3, 3, 0]"
3116,"[1, 1, 1, 3, 3, 3, 1, 3, 3]"
487,"[2, 2, 1, 1, 1, 1]"
1988,"[2, 2, 1, 1, 2, 2, 1, 2]"
835,"[1, 1, 1, 1, 3, 3, 3, 3]"
2342,"[3, 3, 3, 3, 0, 0, 0, 0, 0]"
3267,"[2, 1, 2, 2, 2, 2]"
2369,"[0, 0, 0, 0, 0]"
2593,"[1, 2, 2, 1, 1, 2, 2, 2, 1]"
2973,"[2, 2, 2, 2]"
2900,"[2, 2, 2, 0, 0, 0, 0, 0]"
1316,"[2, 2, 2, 0, 2, 0, 0, 0]"
1650,"[2, 2, 2, 0, 2, 0, 2]"
2172,"[1, 3, 3, 1, 3, 3]"
2442,"[1, 3, 1, 3, 3, 3, 3, 1, 1, 1]"
3090,"[1, 1, 1, 1, 2]"
2870,"[1, 1, 1, 1, 3]"
2699,"[0, 0, 0, 0]"
2861,"[1, 1, 1, 1, 1, 2, 2]"
3044,"[0, 3, 0, 3, 3, 0, 0, 0, 3, 3]"
2436,"[0, 0, 0, 0, 2]"
2199,"[3, 3, 3, 3, 3, 0]"
436,"[2, 2, 1, 1, 3, 3, 3, 1, 1, 1]"
1564,"[2, 1, 1, 0, 1, 1, 2, 2, 2, 0, 2, 0, 0]"
337,"[1, 1, 2, 2, 2, 2, 0]"
1764,"[3, 0, 3, 0, 3, 0, 3, 3]"
2796,"[1, 1, 1, 1, 2, 2, 2, 2]"
254,"[1, 1, 3, 3, 3, 3, 3]"
1182,"[3, 1, 3, 1, 1, 2, 2, 1]"
1394,"[1, 1, 3, 3, 3, 3]"
2167,"[2, 1, 2, 2, 2]"
1738,"[2, 2, 2, 2, 1, 1, 1, 1, 1, 2]"
1462,"[1, 1, 1, 1, 3, 3, 3, 3]"
1370,"[0, 2, 2, 2, 2, 2]"
783,"[2, 2, 2, 2, 2, 1, 1, 1, 1, 3, 3, 3, 3, 3, 1]"
1613,"[3, 3, 3, 1, 3, 1, 1]"
528,"[3, 3, 0, 0, 0, 0]"
2968,"[0, 2, 2, 2, 2, 1]"
3182,"[2, 2, 2, 2, 0, 0, 0]"
2221,"[2, 2, 2, 2, 2, 1, 1]"
1710,"[1, 0, 0, 3, 3, 3, 3]"
801,"[0, 2, 2, 0, 0, 0, 0]"
2653,"[1, 1, 3, 3, 3, 3, 3, 0]"
1429,"[0, 0, 2, 2, 2, 0, 2]"
754,"[0, 0, 0, 0, 0, 2]"
2846,"[3, 0, 0, 0, 0, 2, 2, 2]"
436,"[2, 2, 1, 1, 1, 1, 3, 3, 3, 1]"
1102,"[1, 1, 1, 1, 1]"
2275,"[1, 3, 3, 3, 3, 0]"
1207,"[0, 0, 0, 0, 0]"
428,"[0, 0, 3, 3, 1, 1, 1, 1, 3, 3]"
715,"[1, 1, 1, 1, 1]"
2113,"[1, 1, 3, 3, 3, 3, 3]"
758,"[3, 3, 3, 3, 1, 1, 3]"
2845,"[1, 1, 1, 1, 2, 2, 2]"
2784,"[0, 2, 0, 0, 0, 2]"
2639,"[1, 1, 1, 1, 1, 2]"
2101,"[1, 3, 3, 3, 3, 3]"
1651,"[0, 0, 0, 0, 3]"
2384,"[3, 3, 3, 3, 3, 1]"
2731,"[2, 0, 0, 0, 0, 0, 2]"
85,"[0, 0, 2, 2, 2, 1, 1, 2, 2]"
1256,"[2, 0, 0, 0, 0]"
2241,"[2, 2, 2, 2, 2, 0, 0, 0, 0]"
2897,"[2, 2, 2, 1, 2, 1, 1]"
2242,"[3, 3, 3, 3, 3]"
1387,"[2, 1, 1, 1, 1, 1]"
2554,"[3, 3, 0, 3, 3, 0, 0, 0, 0]"
1029,"[0, 3, 3, 3, 3, 1, 1, 1, 3]"
1182,"[3, 1, 3, 1, 1, 2, 2, 1]"
1820,"[2, 2, 2, 1, 1, 1, 2]"
884,"[2, 1, 1, 1, 3, 3, 1]"
595,"[1, 1, 1, 3, 1]"
139,"[0, 3, 3, 0, 3, 3, 3, 1]"
2970,"[1, 2, 2, 1, 3, 1, 1, 1, 2]"
2677,"[3, 3, 0, 0, 0, 0]"
572,"[3, 3, 3, 3, 1, 1, 3]"
1599,"[0, 0, 0, 0, 3, 3, 3, 3]"
2759,"[1, 2, 2, 2, 2]"
794,"[3, 3, 3, 3, 1, 3]"
1428,"[0, 0, 0, 3, 3, 3, 3, 0]"
663,"[0, 0, 2, 0, 0, 0]"
3158,"[1, 1, 1, 1, 1, 3]"
500,"[0, 0, 0, 2, 2, 2, 2, 1, 1, 1]"
875,"[2, 2, 2, 2, 1]"
356,"[3, 3, 0, 0, 0, 0]"
2486,"[0, 0, 0, 0, 0]"
962,"[2, 2, 0, 0, 0, 0, 0, 3, 3, 3, 1]"
1348,"[2, 1, 1, 1, 1, 1]"
559,"[2, 0, 0, 0, 0, 3]"
1507,"[2, 0, 0, 0, 0, 0, 1, 2, 2]"
2798,"[3, 0, 0, 3, 3, 3, 3]"
259,"[2, 2, 2, 2]"
539,"[0, 0, 0, 0, 0, 2, 2, 2]"
649,"[0, 0, 3, 3, 3, 3]"
1750,"[3, 1, 1, 1, 1, 2]"
2731,"[2, 0, 0, 0, 0, 0, 2]"
1371,"[2, 2, 2, 2, 1]"
884,"[2, 1, 1, 1, 1, 3, 3]"
2853,"[2, 0, 0, 0, 0]"
2305,"[1, 1, 1, 1, 3, 3, 3, 3, 1]"
1546,"[2, 3, 3, 3, 1, 1, 1, 1, 2, 2, 0, 2, 0, 2, 2, 1, 1, 1, 3]"
2730,"[2, 1, 1, 1, 2, 2, 2]"
1420,"[3, 3, 3, 3, 3, 1]"
160,"[0, 0, 2, 2, 2, 2, 1, 1]"
652,"[0, 0, 2, 2, 2, 2, 2]"
699,"[2, 2, 2, 2, 2]"
2661,"[0, 0, 0, 2, 2, 0, 0]"
1582,"[3, 3, 3, 1, 1, 1, 1, 1, 3]"
2705,"[0, 0, 0, 0]"
1268,"[0, 0, 3, 3, 3, 3]"
2425,"[0, 0, 2, 2, 2, 2, 2]"
2050,"[0, 0, 0, 0, 0, 3, 3]"
3004,"[0, 0, 0, 3, 3, 3, 3, 3]"
1207,"[0, 0, 0, 0, 0]"
2152,"[1, 3, 3, 3, 3, 3]"
419,"[0, 0, 0, 3, 0, 0, 2, 2, 2, 2, 1]"
2330,"[1, 2, 2, 2, 2, 1, 1, 1, 1]"
2421,"[2, 2, 2, 2, 0, 0, 0, 0]"
2772,"[3, 1, 0, 1, 3, 1, 0, 1, 3, 0, 1, 3, 1, 0, 1, 3, 1, 2, 0, 1, 0, 3, 0, 1, 2, 0, 1, 0, 1, 0, 1]"
1250,"[1, 1, 0, 1, 1, 0, 1, 1, 0, 1, 1, 0, 1, 0, 1, 2, 2, 2, 3, 3, 3]"
3141,"[3, 0, 1, 3, 0, 1, 3, 3, 0, 1, 3, 0, 1]"
751,"[1, 3, 1, 0, 1, 3, 2, 2, 0, 0, 3, 3, 3, 3, 3, 0, 1, 0, 0, 1, 1, 0, 1, 0]"
2370,"[1, 3, 0, 3, 1, 0, 1, 3, 3, 1, 1, 0, 1, 2, 1, 0, 1, 1, 2, 2, 2, 2, 0, 3, 3, 0, 0, 0]"
854,"[0, 2, 2, 2, 2, 2, 3, 3, 3, 3, 2, 2, 1, 1, 1, 1, 2, 2]"
1112,"[1, 1, 2, 2, 2, 2, 2, 1, 1, 3]"
1891,"[0, 0, 0, 0, 0, 2]"
879,"[1, 1, 0, 0, 0, 0, 3, 3, 3, 3, 3]"
2942,"[3, 3, 3, 3, 3, 1, 1]"
1239,"[1, 1, 1, 0, 0, 0, 2, 2, 2, 2, 2, 3, 0, 0, 2]"
536,"[3, 1, 3, 1, 1, 1, 2, 2]"
1463,"[0, 0, 1, 2, 2, 2, 2, 2, 1, 1]"
3255,"[0, 0, 0, 0, 3, 3, 3, 3]"
2372,"[1, 1, 1, 1, 1]"
2864,"[2, 3, 0, 3, 3, 0, 0, 0, 0]"
1894,"[1, 3, 3, 3, 3, 3, 1, 1]"
775,"[3, 3, 3, 3, 0]"
541,"[3, 3, 3, 3, 0, 0, 0, 0, 0, 2]"
2154,"[1, 1, 1, 1, 1, 2, 0]"
568,"[2, 2, 1, 1, 1, 1, 0, 2, 2, 2]"
2386,"[3, 3, 3, 0, 0, 2, 0, 0, 0, 2]"
1432,"[2, 2, 2, 2, 0, 0, 0, 0, 0]"
1398,"[3, 1, 1, 1, 1, 1, 3]"
2678,"[2, 2, 2, 2, 2, 0]"
999,"[2, 0, 0, 2, 0, 2, 2, 1]"
855,"[1, 3, 3, 3, 3, 0]"
2802,"[1, 1, 1, 1, 1]"
1203,"[2, 2, 2, 0, 0, 0, 0]"
1504,"[2, 2, 2, 2]"
2478,"[0, 3, 3, 3, 3, 0, 0, 0, 3]"
3184,"[1, 1, 1, 1]"
3261,"[3, 2, 1, 1, 1, 1, 1, 2, 2, 2]"
2463,"[0, 0, 0, 0, 3, 3]"
1649,"[2, 0, 0, 0, 0, 0]"
1966,"[3, 1, 1, 1, 3, 3, 1, 3]"
1870,"[2, 2, 2, 2, 2, 1, 1]"
1802,"[2, 2, 2, 2, 2, 0, 0, 0, 0]"
1344,"[2, 2, 2, 2, 1, 1, 1, 1, 1]"
2177,"[3, 3, 1, 1, 1, 1]"
2034,"[1, 3, 3, 3, 3, 3, 1]"
3221,"[1, 1, 1, 1, 3]"
1593,"[1, 1, 2, 2, 2, 1, 1, 1]"
240,"[2, 0, 0, 0, 0, 2, 2]"
301,"[0, 0, 0, 3, 3, 3, 3, 3]"
1156,"[0, 0, 0, 0, 0, 2, 2]"
888,"[1, 2, 1, 1, 1, 2, 2]"
781,"[2, 2, 2, 2, 2, 1, 1, 1]"
1387,"[1, 1, 1, 1, 1, 2]"
1373,"[0, 0, 0, 0, 2, 2, 2, 2]"
1965,"[0, 3, 3, 3, 3, 3]"
1006,"[1, 1, 3, 1, 1, 2]"
130,"[2, 1, 1, 3, 1, 1, 1]"
2758,"[2, 0, 0, 0, 0, 2, 2]"
165,"[3, 3, 1, 1, 3, 3, 1, 1, 1]"
2578,"[1, 1, 3, 3, 1, 1, 1]"
3044,"[3, 3, 3, 0, 0, 0, 0, 0, 3, 3]"
713,"[1, 1, 1, 1, 2]"
919,"[1, 1, 1, 1, 1]"
2324,"[1, 1, 2, 2, 2, 2, 2]"
2816,"[2, 3, 1, 1, 1, 1, 3, 1]"
2679,"[1, 1, 1, 2, 2, 2, 2]"
682,"[0, 2, 2, 1, 1, 1, 1, 2, 2]"
1961,"[3, 3, 3, 3, 0, 0]"
476,"[3, 1, 3, 3, 3, 3]"
1252,"[1, 1, 1, 1, 1, 2]"
17,"[1, 1, 1, 1, 3, 3]"
2097,"[0, 0, 0, 0, 2, 2, 2, 2]"
1647,"[2, 2, 1, 1, 1, 1, 1]"
1561,"[1, 1, 1, 1]"
2944,"[2, 1, 1, 1, 1, 3]"
1174,"[0, 0, 0, 0, 0, 3, 3, 3, 3, 3]"
316,"[1, 2, 2, 2, 2, 2, 1]"
2563,"[1, 1, 1, 3, 3, 3, 3, 3]"
3200,"[2, 1, 1, 2, 1, 1, 2, 2]"
1278,"[1, 1, 3, 0, 3, 3, 3, 3]"
1353,"[0, 0, 0, 0, 2, 2]"
3116,"[1, 1, 1, 1, 3, 3, 3, 3, 3]"
1513,"[3, 3, 3, 3, 1]"
701,"[3, 3, 3, 1, 1, 1, 1, 2, 2, 2, 2]"
1938,"[0, 0, 0, 2, 2, 2, 0, 2]"
2866,"[3, 1, 1, 1, 1, 1, 0, 3, 3, 3]"
1477,"[3, 1, 1, 1, 1, 1, 3, 3, 3]"
3133,"[3, 3, 3, 3, 3, 0, 0, 0]"
629,"[2, 2, 2, 2, 0]"
3263,"[2, 1, 1, 1, 1, 3]"
140,"[2, 2, 1, 1, 1, 1]"
1851,"[0, 3, 3, 3, 3]"
567,"[1, 1, 1, 1]"
1158,"[1, 1, 1, 1, 1]"
129,"[3, 1, 1, 1, 1, 1]"
1517,"[2, 2, 2, 2]"
2319,"[2, 2, 2, 2, 0, 0, 0]"
105,"[0, 3, 0, 0, 0, 2, 0]"
548,"[0, 0, 0, 0, 0, 1, 3]"
3242,"[1, 1, 1, 1, 1]"
1087,"[2, 2, 2, 2, 1, 1, 1, 1, 1]"
678,"[2, 0, 0, 0, 3, 3, 3, 3, 0, 0]"
984,"[3, 2, 2, 1, 1, 1, 3, 3, 3, 1, 1, 2]"
315,"[1, 1, 1, 1, 1, 3, 3, 3, 3, 3]"
1562,"[2, 1, 1, 1, 1, 1]"
933,"[0, 0, 0, 3, 3, 3, 3, 3, 2, 1, 1, 1, 1, 1]"
2335,"[3, 3, 1, 1, 1, 1]"
1821,"[2, 2, 2, 1, 1, 1, 1, 2, 2]"
251,"[0, 0, 0, 0, 3, 3, 3, 3, 3]"
2698,"[2, 1, 1, 1, 1, 1]"
1760,"[3, 3, 1, 1, 1, 1, 2, 2]"
2461,"[0, 0, 0, 0, 0, 2, 2, 2, 2]"
970,"[1, 1, 1, 1, 1, 2]"
1129,"[2, 2, 0, 0, 0, 0]"
2846,"[2, 2, 0, 0, 0, 0]"
2595,"[3, 1, 1, 1, 1, 1, 2, 2]"
3263,"[2, 1, 1, 1, 1, 3]"
1941,"[1, 1, 1, 1, 1, 2]"
2688,"[1, 3, 3, 3, 3]"
1553,"[1, 1, 1, 1, 1, 3, 3, 3]"
2102,"[3, 3, 0, 0, 0, 0, 3, 3]"
3048,"[3, 3, 3, 3, 0]"
2227,"[0, 3, 3, 3, 3]"
863,"[0, 0, 0, 0, 2, 2, 2]"
